source_user_id,target_user_id
U00054,U00290
U00271,U00081
U00255,U00106
U00229,U00270
U00360,U00413
U00441,U00065
U00070,U00396
U00058,U00142
U00268,U00363
U00236,U00328
U00147,U00251
U00406,U00222
U00335,U00376
U00428,U00145
U00065,U00405
U00494,U00363
U00420,U00277
U00382,U00330
U00174,U00499
U00422,U00382
U00241,U00374
U00387,U00331
U00417,U00407
U00268,U00090
U00026,U00110
U00255,U00045
U00431,U00059
U00050,U00439
U00417,U00305
U00429,U00001
U00248,U00378
U00358,U00324
U00423,U00342
U00404,U00133
U00455,U00199
U00486,U00079
U00057,U00002
U00039,U00430
U00032,U00149
U00354,U00089
U00411,U00068
U00278,U00124
U00076,U00196
U00161,U00311
U00222,U00380
U00377,U00210
U00349,U00020
U00431,U00424
U00268,U00308
U00466,U00440
U00130,U00362
U00344,U00315
U00472,U00365
U00157,U00098
U00420,U00387
U00093,U00181
U00052,U00057
U00439,U00409
U00458,U00371
U00462,U00408
U00341,U00099
U00343,U00447
U00080,U00174
U00454,U00124
U00240,U00187
U00369,U00418
U00198,U00107
U00300,U00151
U00445,U00019
U00386,U00323
U00143,U00175
U00103,U00167
U00231,U00164
U00157,U00416
U00028,U00129
U00171,U00488
U00458,U00397
U00171,U00153
U00013,U00459
U00390,U00418
U00043,U00121
U00168,U00296
U00157,U00481
U00111,U00478
U00466,U00333
U00118,U00284
U00233,U00101
U00424,U00311
U00157,U00246
U00259,U00220
U00345,U00246
U00389,U00225
U00154,U00021
U00322,U00113
U00266,U00063
U00037,U00404
U00135,U00376
U00393,U00386
U00191,U00441
U00434,U00417
U00389,U00238
U00311,U00354
U00225,U00014
U00068,U00278
U00402,U00107
U00228,U00481
U00084,U00470
U00056,U00047
U00497,U00087
U00391,U00319
U00021,U00056
U00157,U00279
U00499,U00408
U00492,U00457
U00045,U00422
U00353,U00332
U00076,U00418
U00253,U00493
U00407,U00080
U00012,U00035
U00222,U00303
U00468,U00183
U00332,U00365
U00029,U00420
U00021,U00199
U00108,U00127
U00207,U00369
U00063,U00288
U00087,U00018
U00278,U00359
U00187,U00231
U00004,U00121
U00046,U00002
U00009,U00329
U00333,U00409
U00069,U00233
U00340,U00291
U00249,U00024
U00442,U00152
U00273,U00497
U00136,U00259
U00052,U00367
U00210,U00149
U00365,U00175
U00098,U00415
U00273,U00159
U00272,U00154
U00446,U00095
U00161,U00441
U00252,U00050
U00338,U00177
U00310,U00077
U00193,U00385
U00027,U00286
U00025,U00231
U00444,U00405
U00181,U00190
U00418,U00154
U00309,U00268
U00369,U00491
U00052,U00339
U00448,U00105
U00028,U00058
U00406,U00341
U00370,U00465
U00037,U00173
U00245,U00108
U00107,U00063
U00298,U00127
U00247,U00072
U00008,U00000
U00320,U00182
U00283,U00309
U00395,U00493
U00041,U00475
U00492,U00425
U00383,U00381
U00431,U00494
U00384,U00277
U00203,U00328
U00099,U00427
U00402,U00258
U00141,U00107
U00211,U00244
U00481,U00427
U00368,U00044
U00046,U00106
U00031,U00086
U00390,U00008
U00441,U00084
U00462,U00401
U00345,U00081
U00249,U00091
U00312,U00462
U00161,U00300
U00114,U00430
U00416,U00172
U00466,U00197
U00449,U00234
U00156,U00111
U00350,U00167
U00262,U00185
U00325,U00343
U00057,U00123
U00007,U00084
U00152,U00057
U00016,U00454
U00312,U00407
U00296,U00219
U00032,U00105
U00128,U00207
U00410,U00327
U00348,U00450
U00304,U00048
U00379,U00231
U00316,U00430
U00249,U00067
U00267,U00468
U00011,U00216
U00293,U00021
U00056,U00000
U00260,U00426
U00307,U00216
U00252,U00307
U00264,U00255
U00146,U00338
U00087,U00274
U00327,U00385
U00057,U00038
U00322,U00117
U00212,U00165
U00434,U00193
U00057,U00258
U00439,U00272
U00160,U00045
U00071,U00221
U00140,U00133
U00066,U00457
U00336,U00180
U00078,U00480
U00444,U00470
U00017,U00060
U00290,U00207
U00003,U00109
U00459,U00202
U00383,U00128
U00145,U00433
U00031,U00021
U00476,U00350
U00280,U00164
U00283,U00062
U00383,U00333
U00448,U00363
U00204,U00367
U00271,U00069
U00361,U00146
U00076,U00342
U00260,U00395
U00359,U00462
U00218,U00406
U00238,U00246
U00249,U00202
U00238,U00247
U00268,U00182
U00331,U00082
U00013,U00361
U00132,U00191
U00408,U00046
U00276,U00439
U00129,U00110
U00204,U00015
U00478,U00434
U00264,U00106
U00146,U00023
U00440,U00045
U00199,U00467
U00060,U00170
U00088,U00402
U00323,U00253
U00298,U00194
U00194,U00425
U00451,U00417
U00166,U00334
U00267,U00372
U00233,U00384
U00365,U00495
U00192,U00287
U00402,U00252
U00198,U00367
U00358,U00398
U00426,U00280
U00208,U00373
U00008,U00414
U00090,U00203
U00273,U00203
U00450,U00305
U00104,U00458
U00033,U00468
U00451,U00006
U00101,U00448
U00280,U00061
U00184,U00245
U00130,U00123
U00152,U00383
U00249,U00379
U00128,U00374
U00178,U00452
U00484,U00043
U00156,U00244
U00369,U00460
U00032,U00377
U00093,U00119
U00055,U00332
U00010,U00440
U00172,U00258
U00102,U00193
U00342,U00243
U00237,U00222
U00128,U00369
U00460,U00459
U00287,U00100
U00119,U00271
U00469,U00318
U00250,U00283
U00099,U00094
U00347,U00305
U00013,U00049
U00173,U00274
U00004,U00351
U00219,U00299
U00386,U00309
U00142,U00275
U00415,U00038
U00258,U00174
U00259,U00200
U00184,U00287
U00271,U00414
U00091,U00320
U00153,U00333
U00109,U00447
U00155,U00199
U00192,U00314
U00214,U00131
U00335,U00017
U00124,U00230
U00383,U00209
U00235,U00393
U00260,U00280
U00196,U00170
U00238,U00129
U00307,U00147
U00191,U00484
U00284,U00282
U00370,U00442
U00452,U00193
U00213,U00105
U00453,U00101
U00115,U00383
U00080,U00102
U00047,U00410
U00319,U00323
U00151,U00100
U00067,U00246
U00472,U00028
U00256,U00359
U00308,U00485
U00449,U00074
U00138,U00343
U00188,U00251
U00024,U00041
U00493,U00262
U00498,U00237
U00288,U00317
U00455,U00012
U00188,U00119
U00290,U00454
U00370,U00251
U00187,U00119
U00385,U00375
U00220,U00234
U00010,U00340
U00078,U00031
U00480,U00206
U00311,U00388
U00007,U00445
U00026,U00353
U00112,U00229
U00449,U00340
U00321,U00254
U00325,U00371
U00006,U00175
U00443,U00428
U00458,U00412
U00241,U00391
U00352,U00376
U00435,U00433
U00398,U00409
U00114,U00406
U00183,U00128
U00336,U00168
U00339,U00183
U00197,U00461
U00276,U00017
U00038,U00410
U00135,U00064
U00160,U00453
U00475,U00282
U00342,U00063
U00369,U00427
U00474,U00072
U00285,U00050
U00094,U00242
U00196,U00166
U00088,U00326
U00052,U00027
U00149,U00269
U00437,U00371
U00003,U00141
U00119,U00318
U00089,U00422
U00294,U00323
U00036,U00325
U00372,U00260
U00495,U00124
U00020,U00032
U00352,U00154
U00164,U00025
U00295,U00278
U00173,U00110
U00410,U00035
U00313,U00348
U00223,U00101
U00396,U00260
U00214,U00200
U00299,U00255
U00304,U00467
U00431,U00341
U00341,U00092
U00000,U00351
U00324,U00132
U00104,U00375
U00437,U00217
U00177,U00107
U00055,U00170
U00382,U00113
U00188,U00297
U00399,U00108
U00063,U00347
U00202,U00020
U00036,U00066
U00060,U00061
U00048,U00234
U00038,U00288
U00140,U00363
U00114,U00297
U00492,U00305
U00270,U00427
U00049,U00289
U00182,U00257
U00408,U00024
U00164,U00223
U00460,U00362
U00448,U00349
U00343,U00394
U00246,U00256
U00240,U00143
U00296,U00042
U00496,U00142
U00434,U00094
U00230,U00351
U00499,U00105
U00298,U00441
U00422,U00162
U00306,U00446
U00439,U00094
U00090,U00419
U00192,U00454
U00420,U00425
U00317,U00123
U00327,U00054
U00084,U00200
U00497,U00105
U00242,U00089
U00367,U00465
U00016,U00300
U00332,U00288
U00348,U00130
U00112,U00277
U00416,U00463
U00048,U00449
U00162,U00126
U00384,U00253
U00181,U00105
U00191,U00012
U00241,U00462
U00078,U00121
U00437,U00390
U00102,U00466
U00422,U00368
U00102,U00177
U00101,U00029
U00049,U00042
U00400,U00378
U00050,U00457
U00318,U00301
U00095,U00005
U00089,U00317
U00259,U00128
U00401,U00235
U00166,U00157
U00362,U00400
U00416,U00393
U00222,U00185
U00321,U00059
U00138,U00213
U00464,U00375
U00033,U00043
U00428,U00102
U00056,U00040
U00140,U00097
U00426,U00065
U00371,U00212
U00143,U00108
U00442,U00313
U00312,U00270
U00180,U00298
U00409,U00411
U00331,U00011
U00439,U00086
U00109,U00130
U00472,U00044
U00439,U00193
U00183,U00008
U00340,U00289
U00158,U00461
U00479,U00441
U00343,U00412
U00037,U00403
U00024,U00395
U00134,U00255
U00049,U00063
U00407,U00433
U00019,U00271
U00158,U00493
U00358,U00463
U00185,U00188
U00469,U00405
U00464,U00138
U00064,U00321
U00353,U00292
U00369,U00066
U00104,U00076
U00368,U00069
U00150,U00119
U00396,U00087
U00172,U00473
U00476,U00244
U00476,U00349
U00215,U00109
U00081,U00403
U00039,U00253
U00360,U00248
U00232,U00236
U00222,U00075
U00498,U00014
U00435,U00465
U00185,U00383
U00280,U00391
U00224,U00035
U00366,U00328
U00354,U00187
U00407,U00067
U00413,U00294
U00118,U00267
U00326,U00303
U00159,U00300
U00253,U00305
U00430,U00111
U00295,U00244
U00410,U00092
U00041,U00418
U00377,U00288
U00204,U00392
U00164,U00284
U00045,U00280
U00281,U00333
U00450,U00112
U00005,U00046
U00047,U00175
U00081,U00489
U00147,U00298
U00425,U00343
U00030,U00176
U00416,U00009
U00338,U00086
U00129,U00378
U00188,U00468
U00461,U00115
U00092,U00148
U00127,U00306
U00382,U00396
U00070,U00154
U00278,U00269
U00202,U00146
U00224,U00208
U00261,U00444
U00016,U00342
U00189,U00273
U00359,U00206
U00262,U00468
U00268,U00473
U00429,U00493
U00244,U00428
U00480,U00445
U00106,U00248
U00041,U00383
U00093,U00436
U00045,U00164
U00264,U00387
U00262,U00469
U00156,U00496
U00067,U00274
U00390,U00001
U00204,U00406
U00093,U00422
U00446,U00070
U00348,U00411
U00005,U00282
U00474,U00099
U00274,U00300
U00062,U00231
U00104,U00449
U00231,U00388
U00180,U00345
U00169,U00124
U00396,U00422
U00420,U00072
U00217,U00391
U00059,U00129
U00269,U00125
U00324,U00387
U00360,U00333
U00425,U00173
U00047,U00173
U00472,U00261
U00242,U00204
U00476,U00493
U00092,U00444
U00016,U00257
U00055,U00300
U00416,U00155
U00384,U00230
U00266,U00044
U00401,U00363
U00229,U00435
U00226,U00074
U00474,U00104
U00248,U00091
U00257,U00045
U00205,U00499
U00335,U00215
U00074,U00315
U00451,U00143
U00072,U00005
U00415,U00295
U00301,U00269
U00004,U00456
U00342,U00272
U00222,U00214
U00244,U00286
U00377,U00266
U00167,U00450
U00268,U00495
U00379,U00261
U00352,U00284
U00004,U00467
U00207,U00472
U00284,U00285
U00338,U00381
U00415,U00479
U00232,U00474
U00360,U00179
U00327,U00454
U00369,U00450
U00130,U00015
U00363,U00045
U00278,U00315
U00092,U00190
U00424,U00307
U00294,U00237
U00478,U00008
U00434,U00246
U00356,U00339
U00174,U00194
U00291,U00065
U00352,U00056
U00474,U00152
U00215,U00121
U00365,U00270
U00378,U00290
U00024,U00347
U00186,U00492
U00023,U00176
U00495,U00277
U00304,U00291
U00171,U00154
U00048,U00032
U00300,U00350
U00093,U00198
U00047,U00392
U00374,U00021
U00153,U00387
U00067,U00039
U00398,U00293
U00037,U00196
U00036,U00100
U00384,U00188
U00147,U00133
U00088,U00274
U00307,U00165
U00029,U00435
U00432,U00216
U00073,U00343
U00094,U00103
U00161,U00108
U00350,U00303
U00461,U00272
U00269,U00416
U00354,U00061
U00315,U00083
U00221,U00069
U00145,U00246
U00083,U00157
U00491,U00235
U00446,U00255
U00207,U00132
U00227,U00021
U00225,U00114
U00310,U00085
U00124,U00434
U00397,U00091
U00351,U00074
U00334,U00432
U00247,U00445
U00328,U00009
U00442,U00074
U00137,U00287
U00341,U00361
U00174,U00481
U00474,U00105
U00425,U00438
U00221,U00060
U00093,U00316
U00061,U00032
U00390,U00213
U00212,U00428
U00240,U00169
U00313,U00296
U00460,U00417
U00397,U00387
U00062,U00092
U00245,U00091
U00174,U00272
U00481,U00221
U00379,U00322
U00002,U00229
U00222,U00128
U00032,U00486
U00482,U00078
U00336,U00028
U00082,U00064
U00246,U00251
U00383,U00178
U00289,U00109
U00175,U00164
U00473,U00225
U00370,U00007
U00093,U00030
U00336,U00479
U00424,U00106
U00437,U00309
U00104,U00197
U00023,U00195
U00296,U00191
U00172,U00337
U00291,U00241
U00446,U00151
U00083,U00467
U00384,U00402
U00011,U00495
U00110,U00019
U00402,U00344
U00031,U00034
U00259,U00080
U00474,U00481
U00462,U00186
U00188,U00202
U00337,U00410
U00432,U00442
U00389,U00463
U00049,U00321
U00046,U00007
U00358,U00342
U00147,U00365
U00057,U00086
U00378,U00307
U00053,U00419
U00203,U00032
U00218,U00109
U00258,U00441
U00276,U00352
U00338,U00330
U00161,U00461
U00136,U00194
U00354,U00003
U00069,U00337
U00405,U00475
U00101,U00234
U00213,U00117
U00124,U00237
U00059,U00295
U00307,U00393
U00324,U00303
U00094,U00372
U00360,U00075
U00430,U00486
U00389,U00064
U00441,U00402
U00017,U00013
U00102,U00143
U00434,U00029
U00225,U00032
U00113,U00414
U00206,U00004
U00022,U00188
U00405,U00400
U00288,U00082
U00482,U00257
U00122,U00024
U00177,U00437
U00222,U00429
U00137,U00496
U00288,U00458
U00290,U00049
U00323,U00489
U00274,U00365
U00480,U00394
U00246,U00100
U00367,U00072
U00361,U00262
U00366,U00114
U00281,U00391
U00264,U00263
U00386,U00422
U00490,U00331
U00121,U00001
U00484,U00470
U00469,U00164
U00295,U00458
U00336,U00478
U00181,U00122
U00109,U00143
U00412,U00441
U00446,U00447
U00110,U00047
U00480,U00232
U00349,U00219
U00285,U00402
U00497,U00120
U00498,U00039
U00186,U00178
U00332,U00194
U00359,U00225
U00203,U00310
U00370,U00115
U00386,U00012
U00215,U00139
U00386,U00455
U00006,U00365
U00279,U00140
U00044,U00073
U00384,U00278
U00361,U00447
U00287,U00421
U00285,U00487
U00462,U00022
U00151,U00445
U00291,U00084
U00399,U00251
U00209,U00432
U00042,U00331
U00301,U00431
U00455,U00055
U00214,U00188
U00162,U00398
U00195,U00015
U00395,U00212
U00233,U00250
U00181,U00186
U00366,U00442
U00000,U00248
U00325,U00183
U00391,U00417
U00410,U00284
U00026,U00291
U00239,U00113
U00310,U00195
U00498,U00139
U00282,U00281
U00213,U00265
U00011,U00050
U00330,U00034
U00422,U00448
U00166,U00131
U00097,U00026
U00300,U00076
U00482,U00474
U00124,U00429
U00376,U00428
U00244,U00211
U00153,U00235
U00309,U00040
U00160,U00217
U00116,U00253
U00208,U00341
U00039,U00214
U00232,U00006
U00293,U00407
U00219,U00229
U00105,U00486
U00498,U00057
U00004,U00062
U00036,U00057
U00146,U00225
U00219,U00431
U00296,U00467
U00442,U00211
U00180,U00051
U00094,U00136
U00056,U00192
U00159,U00264
U00267,U00040
U00488,U00143
U00460,U00471
U00308,U00297
U00157,U00202
U00300,U00195
U00453,U00297
U00273,U00157
U00486,U00202
U00343,U00089
U00390,U00483
U00066,U00035
U00338,U00028
U00400,U00179
U00361,U00347
U00001,U00425
U00200,U00257
U00109,U00131
U00419,U00388
U00014,U00439
U00002,U00200
U00490,U00312
U00254,U00069
U00032,U00355
U00391,U00173
U00168,U00200
U00133,U00239
U00247,U00049
U00162,U00177
U00402,U00173
U00445,U00072
U00439,U00447
U00371,U00206
U00334,U00173
U00023,U00353
U00444,U00008
U00003,U00206
U00384,U00053
U00135,U00083
U00471,U00341
U00117,U00245
U00232,U00098
U00275,U00112
U00156,U00312
U00091,U00118
U00167,U00314
U00007,U00175
U00056,U00156
U00189,U00281
U00390,U00384
U00254,U00481
U00115,U00157
U00173,U00321
U00406,U00160
U00065,U00469
U00420,U00043
U00471,U00400
U00262,U00459
U00126,U00376
U00243,U00073
U00316,U00461
U00142,U00371
U00198,U00174
U00328,U00065
U00401,U00188
U00449,U00295
U00397,U00304
U00391,U00329
U00363,U00484
U00269,U00358
U00141,U00015
U00148,U00122
U00414,U00017
U00118,U00105
U00387,U00428
U00269,U00381
U00335,U00161
U00404,U00259
U00262,U00096
U00160,U00215
U00220,U00294
U00478,U00263
U00347,U00136
U00143,U00005
U00321,U00247
U00336,U00357
U00278,U00477
U00255,U00435
U00168,U00037
U00005,U00412
U00430,U00342
U00247,U00267
U00460,U00345
U00286,U00262
U00223,U00447
U00227,U00384
U00474,U00051
U00319,U00144
U00330,U00337
U00131,U00157
U00229,U00020
U00470,U00253
U00328,U00436
U00120,U00101
U00498,U00289
U00387,U00214
U00051,U00365
U00300,U00229
U00140,U00270
U00253,U00338
U00082,U00110
U00131,U00059
U00149,U00369
U00217,U00242
U00347,U00315
U00196,U00111
U00454,U00490
U00340,U00327
U00293,U00443
U00165,U00115
U00412,U00117
U00104,U00173
U00206,U00433
U00061,U00132
U00025,U00346
U00057,U00103
U00407,U00404
U00013,U00051
U00115,U00475
U00278,U00324
U00112,U00383
U00037,U00440
U00041,U00377
U00259,U00091
U00484,U00012
U00104,U00384
U00097,U00277
U00377,U00384
U00035,U00447
U00239,U00347
U00146,U00124
U00072,U00423
U00396,U00118
U00398,U00114
U00443,U00347
U00146,U00111
U00396,U00301
U00169,U00200
U00402,U00380
U00356,U00165
U00310,U00384
U00045,U00029
U00498,U00170
U00309,U00449
U00332,U00462
U00409,U00322
U00160,U00033
U00158,U00010
U00285,U00130
U00172,U00428
U00246,U00218
U00174,U00318
U00073,U00357
U00439,U00010
U00429,U00042
U00161,U00448
U00178,U00269
U00472,U00187
U00300,U00158
U00081,U00401
U00482,U00260
U00224,U00471
U00281,U00104
U00110,U00351
U00074,U00123
U00219,U00114
U00054,U00119
U00296,U00275
U00302,U00202
U00342,U00348
U00101,U00273
U00344,U00120
U00485,U00052
U00264,U00046
U00162,U00451
U00097,U00210
U00203,U00201
U00283,U00296
U00351,U00279
U00480,U00203
U00136,U00292
U00340,U00330
U00276,U00068
U00074,U00072
U00186,U00424
U00182,U00153
U00454,U00342
U00328,U00269
U00111,U00233
U00249,U00465
U00465,U00279
U00039,U00304
U00088,U00101
U00112,U00491
U00245,U00318
U00311,U00281
U00222,U00154
U00319,U00365
U00255,U00497
U00265,U00180
U00115,U00410
U00138,U00324
U00465,U00273
U00416,U00091
U00091,U00353
U00477,U00467
U00214,U00065
U00210,U00100
U00282,U00485
U00178,U00090
U00341,U00123
U00066,U00038
U00133,U00109
U00255,U00437
U00263,U00406
U00102,U00495
U00002,U00139
U00082,U00288
U00287,U00145
U00240,U00447
U00180,U00002
U00032,U00119
U00419,U00012
U00138,U00304
U00239,U00478
U00425,U00214
U00384,U00377
U00349,U00169
U00188,U00065
U00373,U00005
U00486,U00189
U00376,U00418
U00095,U00107
U00325,U00466
U00319,U00264
U00227,U00094
U00197,U00019
U00273,U00064
U00206,U00192
U00470,U00318
U00316,U00277
U00320,U00142
U00454,U00352
U00052,U00179
U00387,U00057
U00082,U00457
U00291,U00135
U00368,U00117
U00422,U00182
U00077,U00146
U00019,U00036
U00312,U00310
U00309,U00203
U00036,U00130
U00098,U00201
U00108,U00112
U00152,U00138
U00494,U00034
U00191,U00104
U00104,U00202
U00387,U00341
U00184,U00149
U00199,U00073
U00297,U00416
U00155,U00482
U00408,U00286
U00020,U00195
U00095,U00272
U00022,U00375
U00304,U00331
U00028,U00472
U00480,U00212
U00167,U00463
U00454,U00223
U00061,U00350
U00402,U00267
U00484,U00288
U00326,U00257
U00058,U00051
U00221,U00085
U00052,U00275
U00031,U00089
U00285,U00424
U00021,U00075
U00201,U00050
U00218,U00312
U00396,U00192
U00407,U00282
U00434,U00465
U00125,U00108
U00351,U00443
U00268,U00372
U00012,U00391
U00431,U00471
U00094,U00191
U00232,U00333
U00294,U00088
U00437,U00035
U00079,U00190
U00158,U00027
U00134,U00183
U00016,U00072
U00213,U00176
U00153,U00296
U00210,U00268
U00200,U00121
U00273,U00451
U00120,U00488
U00465,U00033
U00235,U00395
U00219,U00288
U00496,U00088
U00483,U00395
U00356,U00292
U00273,U00004
U00303,U00311
U00019,U00385
U00330,U00135
U00499,U00236
U00029,U00209
U00229,U00208
U00239,U00386
U00273,U00417
U00009,U00270
U00331,U00022
U00187,U00329
U00079,U00096
U00099,U00013
U00266,U00293
U00305,U00353
U00441,U00215
U00280,U00126
U00224,U00078
U00357,U00064
U00118,U00361
U00296,U00460
U00122,U00104
U00399,U00208
U00409,U00326
U00313,U00429
U00110,U00211
U00220,U00350
U00458,U00154
U00345,U00376
U00049,U00225
U00122,U00439
U00317,U00003
U00419,U00120
U00084,U00061
U00230,U00010
U00077,U00276
U00001,U00086
U00404,U00147
U00425,U00358
U00080,U00317
U00486,U00041
U00026,U00149
U00414,U00490
U00125,U00498
U00262,U00154
U00232,U00075
U00175,U00133
U00378,U00000
U00183,U00489
U00317,U00254
U00467,U00449
U00469,U00087
U00282,U00121
U00104,U00135
U00097,U00400
U00299,U00011
U00478,U00193
U00387,U00390
U00267,U00411
U00149,U00288
U00371,U00098
U00351,U00147
U00053,U00290
U00067,U00103
U00243,U00398
U00305,U00361
U00461,U00358
U00174,U00280
U00161,U00025
U00285,U00422
U00088,U00453
U00278,U00094
U00193,U00437
U00224,U00356
U00062,U00042
U00277,U00030
U00174,U00199
U00429,U00310
U00425,U00331
U00153,U00356
U00406,U00403
U00274,U00466
U00360,U00117
U00447,U00060
U00163,U00194
U00352,U00022
U00236,U00483
U00077,U00427
U00188,U00080
U00151,U00429
U00137,U00431
U00067,U00278
U00063,U00357
U00214,U00308
U00307,U00489
U00099,U00052
U00208,U00254
U00404,U00388
U00066,U00361
U00469,U00425
U00152,U00463
U00040,U00447
U00367,U00401
U00112,U00063
U00288,U00351
U00237,U00117
U00025,U00261
U00490,U00471
U00247,U00431
U00128,U00291
U00219,U00013
U00397,U00084
U00011,U00202
U00488,U00126
U00128,U00134
U00083,U00101
U00204,U00229
U00264,U00142
U00278,U00462
U00275,U00317
U00321,U00111
U00374,U00454
U00290,U00424
U00482,U00293
U00166,U00467
U00003,U00103
U00472,U00149
U00319,U00227
U00124,U00185
U00267,U00197
U00406,U00312
U00484,U00331
U00362,U00274
U00026,U00480
U00173,U00154
U00062,U00353
U00296,U00285
U00128,U00442
U00175,U00250
U00207,U00064
U00106,U00132
U00091,U00358
U00270,U00497
U00019,U00158
U00415,U00336
U00238,U00104
U00362,U00304
U00094,U00141
U00086,U00185
U00050,U00290
U00306,U00296
U00098,U00310
U00324,U00068
U00292,U00093
U00369,U00383
U00425,U00226
U00232,U00218
U00229,U00409
U00308,U00048
U00360,U00251
U00444,U00157
U00269,U00023
U00259,U00478
U00327,U00138
U00320,U00206
U00288,U00354
U00236,U00090
U00382,U00424
U00186,U00028
U00418,U00470
U00255,U00494
U00448,U00360
U00028,U00476
U00011,U00274
U00112,U00459
U00365,U00019
U00302,U00262
U00186,U00106
U00353,U00406
U00374,U00181
U00356,U00176
U00191,U00368
U00228,U00242
U00300,U00482
U00327,U00309
U00460,U00168
U00363,U00272
U00243,U00225
U00410,U00374
U00369,U00093
U00099,U00417
U00468,U00050
U00134,U00266
U00323,U00480
U00170,U00486
U00442,U00131
U00283,U00290
U00149,U00114
U00462,U00484
U00095,U00145
U00194,U00465
U00067,U00484
U00174,U00353
U00059,U00463
U00442,U00165
U00076,U00139
U00405,U00358
U00070,U00019
U00047,U00390
U00017,U00451
U00121,U00256
U00359,U00081
U00267,U00414
U00271,U00103
U00345,U00240
U00234,U00414
U00108,U00073
U00354,U00250
U00125,U00290
U00259,U00033
U00459,U00184
U00232,U00366
U00383,U00023
U00123,U00047
U00049,U00153
U00261,U00008
U00095,U00313
U00041,U00422
U00246,U00025
U00137,U00208
U00018,U00255
U00220,U00337
U00473,U00035
U00061,U00192
U00498,U00003
U00257,U00110
U00245,U00237
U00385,U00184
U00377,U00380
U00442,U00097
U00086,U00402
U00237,U00357
U00339,U00262
U00203,U00155
U00446,U00195
U00117,U00197
U00414,U00035
U00434,U00137
U00409,U00470
U00488,U00453
U00365,U00147
U00193,U00064
U00018,U00195
U00052,U00406
U00277,U00281
U00031,U00056
U00045,U00477
U00381,U00272
U00074,U00481
U00354,U00289
U00256,U00100
U00084,U00420
U00331,U00430
U00080,U00436
U00017,U00230
U00348,U00005
U00354,U00300
U00039,U00379
U00404,U00245
U00055,U00058
U00039,U00325
U00314,U00000
U00102,U00491
U00454,U00186
U00231,U00413
U00279,U00451
U00160,U00146
U00090,U00212
U00019,U00168
U00287,U00451
U00439,U00252
U00121,U00392
U00134,U00227
U00496,U00273
U00157,U00249
U00490,U00381
U00386,U00258
U00367,U00245
U00086,U00004
U00167,U00334
U00342,U00339
U00079,U00426
U00232,U00198
U00251,U00016
U00162,U00204
U00145,U00027
U00400,U00042
U00083,U00423
U00106,U00242
U00400,U00254
U00426,U00295
U00309,U00107
U00334,U00078
U00197,U00314
U00093,U00059
U00219,U00169
U00398,U00108
U00176,U00277
U00259,U00493
U00196,U00423
U00256,U00003
U00473,U00170
U00450,U00466
U00295,U00480
U00082,U00450
U00090,U00445
U00098,U00224
U00276,U00259
U00222,U00133
U00406,U00153
U00095,U00293
U00204,U00486
U00333,U00416
U00037,U00025
U00425,U00106
U00043,U00338
U00194,U00100
U00266,U00019
U00075,U00122
U00316,U00130
U00123,U00356
U00340,U00405
U00067,U00223
U00334,U00101
U00304,U00222
U00456,U00470
U00284,U00107
U00200,U00453
U00401,U00337
U00138,U00170
U00040,U00221
U00210,U00279
U00296,U00347
U00228,U00293
U00103,U00435
U00384,U00359
U00318,U00314
U00317,U00308
U00435,U00469
U00104,U00224
U00426,U00006
U00075,U00411
U00099,U00389
U00169,U00035
U00379,U00061
U00107,U00408
U00029,U00118
U00064,U00127
U00363,U00141
U00404,U00104
U00478,U00188
U00307,U00078
U00320,U00365
U00307,U00108
U00417,U00420
U00367,U00242
U00131,U00471
U00497,U00188
U00332,U00130
U00122,U00108
U00310,U00170
U00243,U00025
U00136,U00318
U00278,U00025
U00424,U00257
U00015,U00174
U00073,U00253
U00453,U00249
U00057,U00422
U00185,U00229
U00300,U00177
U00077,U00148
U00103,U00375
U00256,U00319
U00133,U00203
U00150,U00092
U00285,U00297
U00314,U00425
U00045,U00114
U00475,U00441
U00369,U00449
U00261,U00466
U00219,U00446
U00051,U00102
U00111,U00394
U00283,U00498
U00380,U00362
U00233,U00073
U00049,U00440
U00169,U00260
U00183,U00428
U00059,U00216
U00016,U00152
U00387,U00477
U00343,U00170
U00453,U00376
U00434,U00235
U00320,U00203
U00209,U00376
U00173,U00433
U00398,U00474
U00061,U00315
U00403,U00246
U00262,U00027
U00327,U00348
U00348,U00493
U00069,U00212
U00089,U00496
U00069,U00249
U00459,U00360
U00045,U00053
U00462,U00187
U00244,U00225
U00187,U00353
U00320,U00046
U00125,U00499
U00396,U00017
U00120,U00137
U00165,U00354
U00018,U00228
U00168,U00010
U00396,U00354
U00383,U00416
U00198,U00393
U00056,U00035
U00436,U00360
U00141,U00084
U00062,U00120
U00196,U00061
U00151,U00305
U00349,U00171
U00128,U00037
U00457,U00260
U00364,U00241
U00040,U00382
U00150,U00325
U00282,U00126
U00197,U00115
U00271,U00358
U00206,U00075
U00017,U00145
U00171,U00424
U00069,U00218
U00473,U00243
U00494,U00328
U00323,U00131
U00418,U00460
U00495,U00224
U00378,U00097
U00389,U00335
U00139,U00346
U00337,U00325
U00426,U00286
U00473,U00008
U00071,U00041
U00242,U00321
U00418,U00240
U00419,U00301
U00293,U00481
U00054,U00113
U00092,U00048
U00419,U00481
U00009,U00123
U00262,U00211
U00382,U00415
U00144,U00453
U00261,U00090
U00208,U00354
U00058,U00256
U00225,U00274
U00046,U00215
U00455,U00460
U00224,U00207
U00195,U00167
U00077,U00338
U00376,U00467
U00126,U00441
U00311,U00202
U00317,U00305
U00091,U00175
U00434,U00302
U00108,U00444
U00332,U00314
U00479,U00046
U00399,U00258
U00222,U00314
U00292,U00125
U00124,U00355
U00000,U00293
U00071,U00294
U00168,U00277
U00496,U00196
U00204,U00028
U00118,U00254
U00087,U00258
U00425,U00010
U00409,U00184
U00364,U00402
U00185,U00258
U00442,U00111
U00279,U00229
U00061,U00115
U00096,U00182
U00045,U00220
U00425,U00120
U00206,U00248
U00292,U00372
U00177,U00130
U00101,U00178
U00390,U00057
U00154,U00250
U00497,U00212
U00449,U00075
U00436,U00399
U00462,U00326
U00259,U00146
U00448,U00467
U00187,U00478
U00395,U00012
U00123,U00024
U00249,U00069
U00011,U00321
U00494,U00178
U00072,U00391
U00286,U00385
U00486,U00356
U00116,U00489
U00449,U00479
U00020,U00295
U00251,U00140
U00380,U00186
U00385,U00383
U00100,U00320
U00302,U00294
U00122,U00480
U00153,U00023
U00447,U00427
U00226,U00160
U00072,U00392
U00088,U00059
U00198,U00152
U00109,U00397
U00493,U00049
U00403,U00244
U00230,U00125
U00310,U00275
U00043,U00249
U00341,U00424
U00192,U00067
U00170,U00415
U00454,U00044
U00339,U00100
U00381,U00243
U00313,U00439
U00328,U00300
U00025,U00282
U00296,U00262
U00130,U00250
U00049,U00166
U00024,U00268
U00476,U00127
U00212,U00260
U00282,U00110
U00100,U00302
U00430,U00092
U00268,U00217
U00327,U00006
U00395,U00393
U00248,U00057
U00496,U00319
U00446,U00418
U00341,U00219
U00023,U00286
U00156,U00046
U00081,U00487
U00488,U00232
U00037,U00126
U00072,U00283
U00221,U00344
U00408,U00474
U00347,U00096
U00235,U00394
U00456,U00119
U00479,U00150
U00227,U00368
U00027,U00309
U00389,U00149
U00110,U00314
U00112,U00381
U00134,U00034
U00074,U00204
U00092,U00412
U00156,U00117
U00372,U00396
U00139,U00378
U00014,U00016
U00327,U00088
U00014,U00054
U00477,U00160
U00007,U00196
U00016,U00009
U00426,U00130
U00394,U00005
U00413,U00221
U00364,U00171
U00022,U00357
U00017,U00242
U00082,U00333
U00000,U00421
U00220,U00214
U00468,U00410
U00227,U00348
U00276,U00163
U00486,U00390
U00337,U00130
U00332,U00133
U00284,U00367
U00024,U00073
U00098,U00005
U00213,U00490
U00062,U00317
U00126,U00010
U00023,U00175
U00409,U00356
U00341,U00053
U00356,U00360
U00375,U00155
U00164,U00355
U00099,U00473
U00487,U00016
U00413,U00345
U00336,U00063
U00204,U00280
U00377,U00345
U00348,U00134
U00129,U00253
U00278,U00469
U00442,U00264
U00153,U00315
U00362,U00076
U00109,U00423
U00216,U00103
U00353,U00365
U00068,U00154
U00450,U00432
U00226,U00430
U00278,U00069
U00368,U00213
U00258,U00036
U00114,U00013
U00150,U00389
U00089,U00082
U00321,U00372
U00098,U00073
U00226,U00156
U00358,U00226
U00422,U00326
U00166,U00211
U00148,U00172
U00433,U00201
U00360,U00201
U00116,U00378
U00381,U00421
U00215,U00496
U00189,U00389
U00428,U00175
U00035,U00062
U00210,U00440
U00444,U00322
U00027,U00446
U00405,U00057
U00351,U00240
U00387,U00151
U00201,U00350
U00294,U00476
U00298,U00351
U00375,U00164
U00191,U00067
U00132,U00022
U00410,U00416
U00097,U00489
U00254,U00290
U00097,U00176
U00494,U00419
U00164,U00212
U00489,U00241
U00441,U00197
U00272,U00250
U00179,U00456
U00366,U00085
U00194,U00217
U00010,U00009
U00149,U00026
U00413,U00378
U00341,U00051
U00245,U00415
U00325,U00497
U00140,U00381
U00131,U00203
U00132,U00256
U00496,U00363
U00196,U00136
U00157,U00013
U00002,U00044
U00006,U00407
U00445,U00142
U00424,U00280
U00134,U00398
U00483,U00108
U00034,U00305
U00341,U00439
U00332,U00379
U00401,U00405
U00285,U00367
U00050,U00011
U00400,U00026
U00265,U00433
U00071,U00292
U00353,U00218
U00013,U00062
U00101,U00120
U00162,U00423
U00336,U00040
U00433,U00202
U00430,U00107
U00073,U00430
U00300,U00093
U00389,U00385
U00089,U00410
U00066,U00254
U00066,U00151
U00073,U00258
U00378,U00200
U00266,U00469
U00383,U00252
U00446,U00420
U00035,U00398
U00343,U00351
U00018,U00062
U00211,U00261
U00041,U00173
U00063,U00468
U00472,U00130
U00149,U00343
U00104,U00045
U00076,U00201
U00454,U00370
U00074,U00089
U00039,U00130
U00288,U00330
U00357,U00089
U00315,U00394
U00084,U00158
U00253,U00380
U00183,U00339
U00087,U00369
U00156,U00338
U00404,U00417
U00389,U00230
U00279,U00024
U00419,U00406
U00310,U00061
U00242,U00086
U00291,U00167
U00237,U00181
U00414,U00355
U00480,U00343
U00329,U00107
U00479,U00430
U00409,U00046
U00499,U00454
U00076,U00002
U00234,U00027
U00098,U00292
U00120,U00185
U00084,U00482
U00110,U00290
U00211,U00200
U00445,U00374
U00352,U00468
U00452,U00174
U00282,U00448
U00035,U00038
U00139,U00321
U00378,U00457
U00146,U00219
U00057,U00078
U00397,U00068
U00329,U00035
U00177,U00361
U00126,U00358
U00398,U00475
U00442,U00387
U00292,U00429
U00068,U00188
U00075,U00071
U00311,U00075
U00349,U00183
U00128,U00019
U00116,U00010
U00092,U00301
U00249,U00281
U00429,U00291
U00054,U00231
U00240,U00211
U00369,U00422
U00233,U00021
U00436,U00285
U00099,U00184
U00451,U00430
U00274,U00325
U00397,U00371
U00325,U00298
U00114,U00229
U00336,U00374
U00425,U00336
U00401,U00164
U00224,U00203
U00354,U00256
U00047,U00306
U00210,U00093
U00300,U00294
U00362,U00146
U00189,U00373
U00204,U00477
U00406,U00313
U00236,U00229
U00217,U00298
U00064,U00490
U00231,U00416
U00344,U00123
U00165,U00335
U00416,U00292
U00043,U00371
U00026,U00156
U00356,U00054
U00357,U00128
U00325,U00236
U00303,U00134
U00039,U00136
U00213,U00120
U00449,U00085
U00404,U00019
U00466,U00090
U00065,U00337
U00342,U00343
U00046,U00078
U00492,U00111
U00051,U00298
U00453,U00486
U00121,U00208
U00199,U00174
U00277,U00151
U00098,U00163
U00325,U00070
U00181,U00276
U00217,U00384
U00152,U00011
U00381,U00091
U00305,U00468
U00310,U00304
U00373,U00237
U00160,U00467
U00073,U00457
U00127,U00141
U00231,U00468
U00409,U00361
U00410,U00049
U00361,U00017
U00380,U00107
U00090,U00471
U00417,U00290
U00347,U00289
U00383,U00402
U00097,U00278
U00255,U00186
U00088,U00073
U00373,U00226
U00409,U00490
U00386,U00408
U00129,U00155
U00203,U00054
U00466,U00443
U00230,U00486
U00123,U00417
U00099,U00472
U00469,U00494
U00011,U00334
U00047,U00315
U00105,U00429
U00290,U00458
U00176,U00001
U00467,U00473
U00373,U00072
U00427,U00413
U00076,U00159
U00443,U00441
U00261,U00499
U00151,U00180
U00032,U00448
U00426,U00300
U00488,U00026
U00018,U00245
U00072,U00380
U00370,U00205
U00464,U00009
U00109,U00180
U00152,U00190
U00186,U00315
U00342,U00331
U00238,U00180
U00428,U00155
U00141,U00070
U00122,U00058
U00238,U00119
U00286,U00001
U00136,U00346
U00234,U00174
U00433,U00186
U00318,U00020
U00289,U00314
U00440,U00333
U00357,U00322
U00189,U00217
U00312,U00281
U00065,U00071
U00320,U00227
U00405,U00487
U00159,U00057
U00005,U00342
U00224,U00290
U00063,U00441
U00277,U00023
U00236,U00471
U00273,U00384
U00068,U00175
U00145,U00456
U00358,U00330
U00037,U00371
U00390,U00068
U00370,U00187
U00008,U00444
U00445,U00474
U00398,U00264
U00289,U00192
U00404,U00252
U00483,U00038
U00103,U00212
U00007,U00356
U00014,U00099
U00453,U00273
U00086,U00039
U00440,U00276
U00477,U00085
U00371,U00373
U00183,U00238
U00428,U00084
U00456,U00023
U00308,U00172
U00492,U00216
U00327,U00474
U00144,U00133
U00370,U00467
U00107,U00444
U00039,U00139
U00432,U00104
U00183,U00295
U00225,U00261
U00090,U00168
U00247,U00463
U00357,U00194
U00467,U00263
U00344,U00493
U00354,U00435
U00108,U00480
U00166,U00466
U00434,U00080
U00319,U00355
U00100,U00368
U00269,U00264
U00393,U00040
U00431,U00051
U00032,U00325
U00091,U00203
U00425,U00159
U00257,U00458
U00179,U00281
U00294,U00007
U00168,U00349
U00447,U00395
U00206,U00056
U00018,U00217
U00149,U00174
U00399,U00422
U00124,U00330
U00164,U00148
U00489,U00428
U00137,U00124
U00191,U00087
U00288,U00492
U00443,U00401
U00019,U00151
U00279,U00025
U00405,U00083
U00147,U00482
U00281,U00385
U00069,U00490
U00426,U00162
U00011,U00137
U00308,U00451
U00499,U00381
U00196,U00222
U00029,U00011
U00448,U00478
U00394,U00180
U00083,U00312
U00046,U00268
U00223,U00274
U00383,U00349
U00129,U00077
U00398,U00296
U00379,U00385
U00329,U00061
U00075,U00391
U00348,U00405
U00034,U00160
U00105,U00082
U00194,U00261
U00470,U00497
U00066,U00446
U00464,U00357
U00150,U00019
U00256,U00324
U00470,U00433
U00027,U00494
U00182,U00498
U00461,U00292
U00029,U00427
U00146,U00301
U00173,U00479
U00171,U00467
U00289,U00011
U00039,U00362
U00119,U00020
U00266,U00399
U00029,U00207
U00030,U00101
U00438,U00012
U00140,U00261
U00221,U00002
U00257,U00462
U00257,U00487
U00293,U00476
U00090,U00227
U00486,U00018
U00496,U00030
U00204,U00208
U00476,U00276
U00421,U00309
U00337,U00079
U00129,U00231
U00050,U00479
U00410,U00325
U00020,U00059
U00143,U00099
U00082,U00195
U00267,U00365
U00299,U00022
U00459,U00011
U00379,U00451
U00239,U00206
U00213,U00145
U00421,U00327
U00158,U00070
U00248,U00128
U00270,U00209
U00402,U00177
U00165,U00096
U00094,U00076
U00290,U00357
U00253,U00343
U00308,U00406
U00205,U00010
U00093,U00106
U00183,U00398
U00191,U00179
U00429,U00096
U00351,U00347
U00237,U00444
U00174,U00291
U00452,U00496
U00177,U00496
U00403,U00337
U00402,U00148
U00266,U00214
U00456,U00032
U00266,U00476
U00463,U00233
U00425,U00195
U00423,U00489
U00280,U00426
U00355,U00103
U00181,U00128
U00211,U00043
U00156,U00027
U00055,U00456
U00454,U00080
U00120,U00091
U00006,U00039
U00332,U00062
U00012,U00487
U00357,U00314
U00288,U00428
U00364,U00366
U00398,U00395
U00037,U00255
U00435,U00470
U00496,U00420
U00299,U00032
U00036,U00000
U00263,U00295
U00438,U00205
U00075,U00421
U00468,U00434
U00181,U00483
U00116,U00395
U00218,U00288
U00411,U00436
U00097,U00362
U00281,U00280
U00220,U00391
U00117,U00383
U00074,U00445
U00400,U00494
U00004,U00318
U00045,U00448
U00369,U00321
U00025,U00359
U00102,U00457
U00086,U00450
U00345,U00027
U00306,U00495
U00066,U00456
U00054,U00364
U00104,U00141
U00043,U00073
U00142,U00322
U00150,U00032
U00331,U00042
U00460,U00114
U00408,U00423
U00101,U00362
U00308,U00006
U00216,U00378
U00255,U00366
U00159,U00244
U00293,U00341
U00177,U00404
U00417,U00338
U00437,U00087
U00006,U00096
U00058,U00374
U00228,U00414
U00370,U00170
U00084,U00333
U00219,U00267
U00101,U00418
U00303,U00142
U00493,U00299
U00380,U00131
U00055,U00193
U00167,U00448
U00170,U00346
U00191,U00298
U00219,U00079
U00305,U00001
U00359,U00338
U00290,U00306
U00235,U00399
U00117,U00024
U00499,U00447
U00065,U00059
U00240,U00204
U00275,U00119
U00217,U00309
U00296,U00105
U00412,U00084
U00421,U00301
U00497,U00341
U00199,U00182
U00408,U00099
U00341,U00076
U00307,U00139
U00450,U00361
U00209,U00357
U00352,U00230
U00123,U00255
U00022,U00069
U00150,U00020
U00309,U00089
U00338,U00040
U00321,U00319
U00090,U00283
U00002,U00045
U00002,U00049
U00002,U00093
U00002,U00115
U00002,U00126
U00002,U00136
U00002,U00187
U00002,U00201
U00002,U00215
U00002,U00372
U00002,U00373
U00002,U00380
U00002,U00396
U00002,U00413
U00002,U00463
U00002,U00494
U00023,U00002
U00023,U00045
U00023,U00049
U00023,U00093
U00023,U00115
U00023,U00119
U00023,U00126
U00023,U00185
U00023,U00187
U00023,U00201
U00023,U00349
U00023,U00372
U00023,U00373
U00023,U00380
U00023,U00396
U00023,U00413
U00023,U00463
U00023,U00494
U00045,U00002
U00045,U00023
U00045,U00049
U00045,U00093
U00045,U00115
U00045,U00119
U00045,U00126
U00045,U00136
U00045,U00185
U00045,U00187
U00045,U00201
U00045,U00215
U00045,U00349
U00045,U00372
U00045,U00373
U00045,U00380
U00045,U00396
U00045,U00413
U00049,U00002
U00049,U00023
U00049,U00093
U00049,U00119
U00049,U00126
U00049,U00136
U00049,U00185
U00049,U00187
U00049,U00201
U00049,U00215
U00049,U00372
U00049,U00373
U00049,U00380
U00049,U00413
U00049,U00463
U00049,U00494
U00093,U00002
U00093,U00023
U00093,U00045
U00093,U00049
U00093,U00115
U00093,U00185
U00093,U00187
U00093,U00201
U00093,U00215
U00093,U00267
U00093,U00372
U00093,U00373
U00093,U00380
U00093,U00396
U00093,U00413
U00093,U00463
U00093,U00494
U00115,U00045
U00115,U00093
U00115,U00119
U00115,U00126
U00115,U00185
U00115,U00187
U00115,U00201
U00115,U00373
U00115,U00380
U00115,U00396
U00115,U00413
U00115,U00463
U00115,U00494
U00119,U00002
U00119,U00023
U00119,U00049
U00119,U00115
U00119,U00126
U00119,U00136
U00119,U00185
U00119,U00201
U00119,U00215
U00119,U00267
U00119,U00372
U00119,U00373
U00119,U00380
U00119,U00396
U00119,U00413
U00119,U00463
U00119,U00494
U00126,U00002
U00126,U00045
U00126,U00049
U00126,U00115
U00126,U00119
U00126,U00136
U00126,U00215
U00126,U00380
U00126,U00396
U00126,U00463
U00126,U00494
U00136,U00002
U00136,U00023
U00136,U00045
U00136,U00049
U00136,U00115
U00136,U00119
U00136,U00126
U00136,U00185
U00136,U00201
U00136,U00215
U00136,U00372
U00136,U00373
U00136,U00380
U00136,U00396
U00136,U00413
U00136,U00463
U00136,U00494
U00185,U00002
U00185,U00023
U00185,U00045
U00185,U00093
U00185,U00115
U00185,U00119
U00185,U00126
U00185,U00136
U00185,U00215
U00185,U00267
U00185,U00372
U00185,U00373
U00185,U00380
U00185,U00494
U00187,U00002
U00187,U00023
U00187,U00093
U00187,U00115
U00187,U00126
U00187,U00185
U00187,U00201
U00187,U00215
U00187,U00267
U00187,U00372
U00187,U00373
U00187,U00396
U00187,U00463
U00187,U00494
U00201,U00002
U00201,U00023
U00201,U00049
U00201,U00093
U00201,U00115
U00201,U00126
U00201,U00136
U00201,U00187
U00201,U00215
U00201,U00267
U00201,U00373
U00201,U00380
U00201,U00396
U00201,U00413
U00215,U00002
U00215,U00023
U00215,U00049
U00215,U00093
U00215,U00119
U00215,U00126
U00215,U00185
U00215,U00187
U00215,U00267
U00215,U00349
U00215,U00372
U00215,U00373
U00215,U00380
U00215,U00396
U00215,U00413
U00267,U00002
U00267,U00023
U00267,U00045
U00267,U00115
U00267,U00119
U00267,U00126
U00267,U00185
U00267,U00187
U00267,U00349
U00267,U00373
U00267,U00380
U00267,U00396
U00267,U00494
U00349,U00023
U00349,U00045
U00349,U00049
U00349,U00093
U00349,U00119
U00349,U00126
U00349,U00185
U00349,U00187
U00349,U00372
U00349,U00373
U00349,U00380
U00349,U00396
U00349,U00413
U00349,U00463
U00349,U00494
U00372,U00002
U00372,U00023
U00372,U00049
U00372,U00126
U00372,U00185
U00372,U00187
U00372,U00201
U00372,U00215
U00372,U00267
U00372,U00380
U00372,U00413
U00372,U00463
U00372,U00494
U00373,U00002
U00373,U00045
U00373,U00049
U00373,U00119
U00373,U00126
U00373,U00185
U00373,U00187
U00373,U00201
U00373,U00215
U00373,U00267
U00373,U00349
U00373,U00372
U00373,U00380
U00373,U00396
U00373,U00413
U00373,U00463
U00380,U00002
U00380,U00049
U00380,U00093
U00380,U00119
U00380,U00185
U00380,U00187
U00380,U00201
U00380,U00349
U00380,U00373
U00380,U00396
U00380,U00413
U00380,U00463
U00380,U00494
U00396,U00002
U00396,U00023
U00396,U00049
U00396,U00093
U00396,U00119
U00396,U00126
U00396,U00136
U00396,U00201
U00396,U00267
U00396,U00349
U00396,U00372
U00396,U00380
U00396,U00413
U00396,U00463
U00413,U00023
U00413,U00049
U00413,U00115
U00413,U00119
U00413,U00126
U00413,U00136
U00413,U00187
U00413,U00215
U00413,U00267
U00413,U00349
U00413,U00372
U00413,U00373
U00413,U00494
U00463,U00045
U00463,U00115
U00463,U00119
U00463,U00126
U00463,U00136
U00463,U00185
U00463,U00187
U00463,U00201
U00463,U00215
U00463,U00267
U00463,U00349
U00463,U00373
U00463,U00396
U00463,U00413
U00494,U00002
U00494,U00049
U00494,U00115
U00494,U00119
U00494,U00126
U00494,U00185
U00494,U00187
U00494,U00201
U00494,U00267
U00494,U00349
U00494,U00372
U00494,U00373
U00494,U00380
U00494,U00396
U00494,U00413
U00494,U00463
U00029,U00043
U00029,U00106
U00029,U00107
U00029,U00113
U00029,U00161
U00029,U00233
U00029,U00247
U00029,U00284
U00029,U00327
U00029,U00367
U00029,U00417
U00029,U00464
U00029,U00471
U00043,U00106
U00043,U00107
U00043,U00161
U00043,U00233
U00043,U00247
U00043,U00284
U00043,U00327
U00043,U00367
U00043,U00417
U00043,U00420
U00043,U00464
U00106,U00029
U00106,U00043
U00106,U00107
U00106,U00161
U00106,U00233
U00106,U00247
U00106,U00284
U00106,U00327
U00106,U00417
U00106,U00464
U00106,U00471
U00107,U00043
U00107,U00106
U00107,U00113
U00107,U00233
U00107,U00284
U00107,U00367
U00107,U00417
U00107,U00424
U00107,U00464
U00107,U00471
U00113,U00029
U00113,U00043
U00113,U00106
U00113,U00161
U00113,U00233
U00113,U00247
U00113,U00284
U00113,U00327
U00113,U00367
U00113,U00417
U00113,U00420
U00113,U00424
U00113,U00471
U00161,U00029
U00161,U00043
U00161,U00106
U00161,U00113
U00161,U00233
U00161,U00284
U00161,U00327
U00161,U00367
U00161,U00417
U00161,U00420
U00161,U00424
U00161,U00464
U00161,U00471
U00233,U00043
U00233,U00106
U00233,U00247
U00233,U00327
U00233,U00367
U00233,U00417
U00233,U00424
U00233,U00464
U00233,U00471
U00247,U00106
U00247,U00107
U00247,U00161
U00247,U00233
U00247,U00284
U00247,U00367
U00247,U00417
U00247,U00420
U00247,U00424
U00247,U00471
U00284,U00029
U00284,U00043
U00284,U00106
U00284,U00113
U00284,U00161
U00284,U00233
U00284,U00247
U00284,U00417
U00284,U00420
U00284,U00464
U00327,U00029
U00327,U00043
U00327,U00106
U00327,U00107
U00327,U00113
U00327,U00161
U00327,U00233
U00327,U00247
U00327,U00284
U00327,U00367
U00327,U00417
U00327,U00420
U00327,U00424
U00327,U00464
U00367,U00029
U00367,U00043
U00367,U00107
U00367,U00113
U00367,U00161
U00367,U00233
U00367,U00247
U00367,U00327
U00367,U00420
U00367,U00464
U00417,U00029
U00417,U00043
U00417,U00106
U00417,U00107
U00417,U00233
U00417,U00247
U00417,U00284
U00417,U00327
U00417,U00367
U00417,U00424
U00417,U00464
U00417,U00471
U00420,U00106
U00420,U00107
U00420,U00113
U00420,U00161
U00420,U00233
U00420,U00247
U00420,U00284
U00420,U00327
U00420,U00417
U00420,U00424
U00420,U00464
U00420,U00471
U00424,U00029
U00424,U00043
U00424,U00107
U00424,U00113
U00424,U00284
U00424,U00367
U00424,U00417
U00424,U00420
U00424,U00464
U00424,U00471
U00464,U00029
U00464,U00106
U00464,U00107
U00464,U00161
U00464,U00233
U00464,U00247
U00464,U00284
U00464,U00327
U00464,U00367
U00464,U00417
U00464,U00420
U00464,U00424
U00471,U00029
U00471,U00043
U00471,U00106
U00471,U00107
U00471,U00113
U00471,U00247
U00471,U00284
U00471,U00417
U00471,U00420
U00471,U00424
U00471,U00464
U00054,U00071
U00054,U00083
U00054,U00151
U00054,U00261
U00054,U00281
U00054,U00289
U00054,U00299
U00054,U00312
U00054,U00352
U00054,U00391
U00054,U00430
U00054,U00435
U00054,U00490
U00071,U00083
U00071,U00123
U00071,U00151
U00071,U00261
U00071,U00281
U00071,U00289
U00071,U00299
U00071,U00311
U00071,U00312
U00071,U00391
U00071,U00430
U00071,U00435
U00071,U00490
U00071,U00498
U00083,U00054
U00083,U00123
U00083,U00151
U00083,U00261
U00083,U00289
U00083,U00299
U00083,U00311
U00083,U00375
U00083,U00391
U00083,U00430
U00083,U00435
U00083,U00461
U00083,U00472
U00083,U00490
U00123,U00071
U00123,U00151
U00123,U00261
U00123,U00289
U00123,U00299
U00123,U00311
U00123,U00312
U00123,U00352
U00123,U00375
U00123,U00391
U00123,U00435
U00123,U00461
U00123,U00472
U00123,U00490
U00151,U00071
U00151,U00083
U00151,U00123
U00151,U00261
U00151,U00299
U00151,U00311
U00151,U00312
U00151,U00375
U00151,U00430
U00151,U00435
U00151,U00472
U00261,U00123
U00261,U00151
U00261,U00299
U00261,U00311
U00261,U00312
U00261,U00352
U00261,U00391
U00261,U00430
U00261,U00435
U00261,U00461
U00261,U00472
U00261,U00498
U00281,U00054
U00281,U00289
U00281,U00299
U00281,U00311
U00281,U00312
U00281,U00352
U00281,U00375
U00281,U00430
U00281,U00435
U00281,U00461
U00281,U00472
U00281,U00490
U00281,U00498
U00289,U00054
U00289,U00083
U00289,U00123
U00289,U00151
U00289,U00281
U00289,U00299
U00289,U00311
U00289,U00312
U00289,U00375
U00289,U00391
U00289,U00435
U00289,U00472
U00289,U00490
U00289,U00498
U00299,U00054
U00299,U00071
U00299,U00083
U00299,U00123
U00299,U00151
U00299,U00261
U00299,U00281
U00299,U00289
U00299,U00311
U00299,U00352
U00299,U00375
U00299,U00391
U00299,U00430
U00299,U00435
U00299,U00461
U00299,U00472
U00299,U00498
U00311,U00054
U00311,U00123
U00311,U00151
U00311,U00261
U00311,U00289
U00311,U00299
U00311,U00312
U00311,U00375
U00311,U00391
U00312,U00054
U00312,U00071
U00312,U00151
U00312,U00261
U00312,U00289
U00312,U00299
U00312,U00311
U00312,U00375
U00312,U00391
U00312,U00430
U00312,U00461
U00312,U00472
U00352,U00071
U00352,U00123
U00352,U00151
U00352,U00281
U00352,U00289
U00352,U00299
U00352,U00311
U00352,U00312
U00352,U00375
U00352,U00391
U00352,U00435
U00352,U00490
U00352,U00498
U00375,U00054
U00375,U00071
U00375,U00123
U00375,U00151
U00375,U00261
U00375,U00299
U00375,U00312
U00375,U00352
U00375,U00391
U00375,U00430
U00375,U00472
U00375,U00490
U00375,U00498
U00391,U00054
U00391,U00071
U00391,U00083
U00391,U00123
U00391,U00261
U00391,U00281
U00391,U00289
U00391,U00299
U00391,U00311
U00391,U00312
U00391,U00352
U00391,U00375
U00391,U00435
U00391,U00461
U00391,U00472
U00391,U00490
U00391,U00498
U00430,U00054
U00430,U00071
U00430,U00123
U00430,U00151
U00430,U00261
U00430,U00281
U00430,U00289
U00430,U00299
U00430,U00352
U00430,U00375
U00430,U00391
U00430,U00461
U00430,U00472
U00430,U00498
U00435,U00054
U00435,U00071
U00435,U00083
U00435,U00123
U00435,U00151
U00435,U00261
U00435,U00281
U00435,U00299
U00435,U00352
U00435,U00375
U00435,U00430
U00435,U00472
U00461,U00054
U00461,U00071
U00461,U00123
U00461,U00151
U00461,U00289
U00461,U00311
U00461,U00312
U00461,U00352
U00461,U00391
U00461,U00435
U00461,U00472
U00461,U00490
U00472,U00054
U00472,U00083
U00472,U00123
U00472,U00289
U00472,U00299
U00472,U00312
U00472,U00352
U00472,U00375
U00472,U00391
U00472,U00430
U00472,U00435
U00472,U00461
U00472,U00498
U00490,U00083
U00490,U00123
U00490,U00151
U00490,U00281
U00490,U00299
U00490,U00311
U00490,U00352
U00490,U00391
U00490,U00461
U00490,U00472
U00490,U00498
U00498,U00054
U00498,U00071
U00498,U00083
U00498,U00123
U00498,U00261
U00498,U00281
U00498,U00299
U00498,U00311
U00498,U00312
U00498,U00352
U00498,U00375
U00498,U00435
U00498,U00490
U00004,U00015
U00004,U00025
U00004,U00074
U00004,U00272
U00004,U00274
U00004,U00331
U00004,U00359
U00004,U00428
U00004,U00466
U00004,U00478
U00015,U00004
U00015,U00226
U00015,U00248
U00015,U00272
U00015,U00274
U00015,U00331
U00015,U00359
U00015,U00407
U00015,U00428
U00015,U00466
U00025,U00004
U00025,U00015
U00025,U00074
U00025,U00090
U00025,U00226
U00025,U00248
U00025,U00272
U00025,U00274
U00025,U00331
U00025,U00407
U00025,U00428
U00025,U00466
U00025,U00478
U00074,U00004
U00074,U00015
U00074,U00090
U00074,U00226
U00074,U00274
U00074,U00359
U00074,U00428
U00074,U00466
U00090,U00004
U00090,U00015
U00090,U00025
U00090,U00226
U00090,U00272
U00090,U00274
U00090,U00331
U00090,U00359
U00090,U00407
U00090,U00428
U00090,U00466
U00090,U00478
U00226,U00015
U00226,U00025
U00226,U00090
U00226,U00274
U00226,U00331
U00226,U00359
U00226,U00407
U00226,U00428
U00226,U00466
U00226,U00478
U00248,U00015
U00248,U00090
U00248,U00226
U00248,U00272
U00248,U00331
U00248,U00407
U00248,U00428
U00248,U00466
U00272,U00004
U00272,U00015
U00272,U00025
U00272,U00090
U00272,U00226
U00272,U00248
U00272,U00331
U00272,U00359
U00272,U00407
U00272,U00428
U00272,U00466
U00274,U00004
U00274,U00015
U00274,U00025
U00274,U00074
U00274,U00090
U00274,U00226
U00274,U00248
U00274,U00359
U00274,U00407
U00331,U00004
U00331,U00015
U00331,U00025
U00331,U00074
U00331,U00090
U00331,U00226
U00331,U00248
U00331,U00274
U00331,U00407
U00331,U00428
U00331,U00466
U00331,U00478
U00359,U00090
U00359,U00226
U00359,U00331
U00359,U00407
U00359,U00466
U00359,U00478
U00407,U00004
U00407,U00015
U00407,U00025
U00407,U00074
U00407,U00090
U00407,U00226
U00407,U00248
U00407,U00272
U00407,U00274
U00407,U00331
U00407,U00428
U00428,U00015
U00428,U00025
U00428,U00074
U00428,U00090
U00428,U00226
U00428,U00248
U00428,U00274
U00428,U00331
U00428,U00359
U00428,U00407
U00428,U00466
U00466,U00015
U00466,U00025
U00466,U00074
U00466,U00226
U00466,U00274
U00466,U00331
U00466,U00407
U00466,U00428
U00466,U00478
U00478,U00004
U00478,U00015
U00478,U00025
U00478,U00074
U00478,U00090
U00478,U00226
U00478,U00274
U00478,U00359
U00478,U00428
U00478,U00466
