user_id,post_id
U00258,P00073
U00118,P00899
U00362,P00109
U00244,P00176
U00237,P00109
U00188,P00552
U00185,P00154
U00363,P00803
U00363,P00653
U00063,P00357
U00443,P00743
U00400,P00820
U00137,P00387
U00250,P00258
U00375,P00535
U00453,P00792
U00389,P00861
U00176,P00897
U00185,P00948
U00354,P00241
U00103,P00491
U00103,P00460
U00428,P00798
U00343,P00697
U00084,P00334
U00079,P00411
U00340,P00834
U00155,P00677
U00103,P00925
U00170,P00764
U00031,P00191
U00232,P00590
U00111,P00696
U00120,P00900
U00057,P00934
U00100,P00855
U00171,P00732
U00395,P00679
U00313,P00327
U00113,P00857
U00333,P00269
U00482,P00275
U00118,P00499
U00009,P00768
U00250,P00594
U00036,P00972
U00066,P00426
U00405,P00784
U00271,P00449
U00131,P00505
U00090,P00571
U00383,P00875
U00108,P00903
U00146,P00170
U00373,P00614
U00293,P00067
U00126,P00245
U00382,P00721
U00469,P00459
U00040,P00664
U00431,P00529
U00196,P00650
U00135,P00156
U00372,P00267
U00487,P00712
U00268,P00332
U00428,P00517
U00114,P00945
U00238,P00720
U00112,P00176
U00342,P00757
U00206,P00240
U00276,P00022
U00252,P00740
U00319,P00732
U00309,P00300
U00168,P00473
U00266,P00018
U00167,P00521
U00258,P00928
U00402,P00109
U00126,P00028
U00025,P00431
U00102,P00387
U00072,P00963
U00205,P00140
U00179,P00287
U00263,P00448
U00003,P00192
U00369,P00035
U00263,P00001
U00340,P00700
U00245,P00312
U00169,P00498
U00391,P00572
U00294,P00765
U00416,P00413
U00081,P00769
U00191,P00491
U00441,P00619
U00365,P00534
U00175,P00615
U00275,P00461
U00399,P00860
U00233,P00038
U00415,P00523
U00065,P00804
U00228,P00986
U00293,P00550
U00062,P00267
U00047,P00463
U00213,P00600
U00100,P00787
U00342,P00360
U00177,P00208
U00266,P00414
U00423,P00314
U00091,P00612
U00321,P00655
U00486,P00288
U00324,P00340
U00099,P00784
U00237,P00671
U00442,P00467
U00378,P00116
U00437,P00702
U00097,P00765
U00424,P00583
U00073,P00702
U00383,P00864
U00047,P00811
U00411,P00226
U00354,P00910
U00229,P00866
U00187,P00400
U00253,P00968
U00022,P00932
U00288,P00711
U00418,P00890
U00325,P00381
U00312,P00996
U00303,P00560
U00154,P00493
U00112,P00407
U00413,P00739
U00415,P00758
U00353,P00676
U00248,P00909
U00009,P00043
U00026,P00144
U00434,P00032
U00280,P00128
U00063,P00613
U00374,P00795
U00495,P00068
U00065,P00825
U00169,P00463
U00149,P00182
U00183,P00140
U00010,P00139
U00181,P00062
U00088,P00896
U00351,P00711
U00334,P00846
U00174,P00739
U00121,P00719
U00321,P00920
U00253,P00353
U00441,P00130
U00466,P00512
U00391,P00474
U00067,P00742
U00152,P00324
U00267,P00426
U00376,P00621
U00062,P00974
U00093,P00977
U00499,P00846
U00156,P00062
U00142,P00000
U00139,P00520
U00474,P00432
U00324,P00724
U00317,P00359
U00452,P00957
U00477,P00711
U00098,P00635
U00010,P00504
U00259,P00877
U00332,P00420
U00236,P00415
U00413,P00724
U00161,P00816
U00399,P00558
U00001,P00946
U00050,P00258
U00243,P00123
U00334,P00488
U00339,P00482
U00335,P00138
U00336,P00870
U00461,P00631
U00476,P00750
U00426,P00127
U00140,P00531
U00075,P00355
U00256,P00352
U00028,P00253
U00069,P00319
U00021,P00437
U00312,P00926
U00395,P00889
U00370,P00690
U00155,P00553
U00197,P00969
U00355,P00827
U00282,P00090
U00193,P00023
U00403,P00395
U00388,P00549
U00051,P00766
U00278,P00732
U00319,P00062
U00299,P00507
U00220,P00976
U00051,P00926
U00455,P00018
U00423,P00247
U00005,P00416
U00498,P00769
U00372,P00928
U00118,P00950
U00356,P00989
U00025,P00990
U00102,P00873
U00447,P00946
U00237,P00779
U00499,P00359
U00218,P00446
U00449,P00375
U00402,P00803
U00390,P00593
U00357,P00822
U00344,P00622
U00033,P00016
U00336,P00789
U00452,P00186
U00166,P00177
U00060,P00026
U00062,P00391
U00021,P00177
U00491,P00016
U00300,P00787
U00265,P00669
U00286,P00164
U00052,P00351
U00376,P00931
U00267,P00956
U00045,P00936
U00204,P00558
U00366,P00559
U00387,P00402
U00269,P00497
U00281,P00479
U00007,P00223
U00172,P00064
U00196,P00266
U00173,P00923
U00211,P00904
U00210,P00635
U00175,P00148
U00198,P00506
U00377,P00126
U00154,P00189
U00215,P00553
U00356,P00796
U00356,P00010
U00380,P00987
U00166,P00235
U00366,P00744
U00433,P00048
U00489,P00856
U00328,P00125
U00175,P00270
U00095,P00394
U00364,P00162
U00096,P00164
U00219,P00713
U00440,P00769
U00179,P00187
U00297,P00289
U00438,P00775
U00063,P00987
U00329,P00364
U00103,P00368
U00397,P00647
U00411,P00379
U00158,P00543
U00453,P00624
U00056,P00759
U00068,P00901
U00323,P00930
U00084,P00727
U00417,P00942
U00211,P00288
U00298,P00216
U00140,P00618
U00381,P00214
U00270,P00710
U00170,P00199
U00381,P00448
U00039,P00461
U00360,P00743
U00000,P00271
U00125,P00235
U00019,P00059
U00277,P00099
U00164,P00724
U00044,P00024
U00148,P00328
U00396,P00262
U00244,P00518
U00072,P00136
U00455,P00816
U00368,P00980
U00193,P00377
U00056,P00685
U00274,P00699
U00264,P00607
U00325,P00494
U00368,P00534
U00240,P00870
U00421,P00251
U00366,P00638
U00333,P00536
U00487,P00802
U00009,P00912
U00485,P00272
U00150,P00397
U00137,P00052
U00153,P00055
U00087,P00275
U00131,P00101
U00231,P00652
U00412,P00203
U00426,P00251
U00056,P00363
U00412,P00345
U00070,P00352
U00101,P00834
U00060,P00763
U00281,P00123
U00093,P00990
U00133,P00457
U00085,P00957
U00397,P00587
U00434,P00524
U00034,P00240
U00453,P00331
U00318,P00427
U00133,P00610
U00165,P00310
U00272,P00494
U00010,P00460
U00289,P00868
U00054,P00650
U00302,P00949
U00072,P00401
U00086,P00717
U00464,P00940
U00245,P00539
U00158,P00743
U00336,P00937
U00131,P00464
U00251,P00070
U00003,P00728
U00165,P00743
U00290,P00486
U00130,P00885
U00224,P00366
U00446,P00604
U00027,P00135
U00144,P00194
U00387,P00201
U00433,P00699
U00384,P00033
U00051,P00060
U00284,P00725
U00095,P00063
U00059,P00369
U00011,P00961
U00118,P00188
U00041,P00215
U00294,P00776
U00190,P00150
U00453,P00597
U00106,P00992
U00222,P00681
U00370,P00076
U00068,P00270
U00387,P00541
U00497,P00141
U00458,P00657
U00476,P00096
U00349,P00409
U00042,P00675
U00221,P00415
U00395,P00064
U00324,P00805
U00436,P00435
U00480,P00415
U00028,P00281
U00137,P00473
U00243,P00056
U00263,P00708
U00349,P00053
U00047,P00402
U00100,P00550
U00147,P00359
U00385,P00340
U00290,P00051
U00231,P00574
U00307,P00880
U00113,P00358
U00088,P00489
U00335,P00500
U00122,P00853
U00054,P00223
U00128,P00527
U00349,P00524
U00285,P00716
U00217,P00577
U00143,P00148
U00327,P00285
U00131,P00684
U00462,P00164
U00335,P00244
U00079,P00415
U00077,P00256
U00264,P00641
U00332,P00823
U00359,P00015
U00102,P00534
U00157,P00078
U00248,P00083
U00441,P00670
U00471,P00530
U00416,P00916
U00257,P00293
U00180,P00041
U00056,P00420
U00356,P00976
U00019,P00064
U00106,P00413
U00248,P00937
U00177,P00388
U00138,P00515
U00049,P00000
U00469,P00128
U00495,P00866
U00377,P00748
U00112,P00420
U00065,P00857
U00045,P00659
U00343,P00224
U00081,P00206
U00415,P00908
U00017,P00157
U00201,P00798
U00146,P00468
U00082,P00974
U00048,P00617
U00235,P00061
U00064,P00732
U00162,P00325
U00191,P00323
U00159,P00152
U00243,P00763
U00073,P00797
U00223,P00495
U00062,P00782
U00335,P00330
U00034,P00325
U00466,P00352
U00423,P00907
U00405,P00415
U00255,P00207
U00044,P00645
U00180,P00818
U00156,P00501
U00127,P00103
U00253,P00527
U00162,P00345
U00307,P00909
U00197,P00341
U00488,P00796
U00229,P00628
U00251,P00706
U00373,P00006
U00361,P00472
U00336,P00573
U00418,P00474
U00291,P00553
U00069,P00907
U00236,P00572
U00066,P00352
U00144,P00005
U00235,P00534
U00274,P00611
U00166,P00810
U00371,P00229
U00078,P00100
U00160,P00532
U00217,P00379
U00042,P00022
U00080,P00598
U00237,P00772
U00021,P00185
U00358,P00425
U00408,P00568
U00024,P00586
U00092,P00904
U00262,P00795
U00373,P00326
U00158,P00138
U00302,P00164
U00094,P00892
U00011,P00268
U00248,P00474
U00463,P00948
U00120,P00507
U00343,P00669
U00148,P00628
U00441,P00091
U00007,P00339
U00399,P00641
U00032,P00992
U00330,P00276
U00401,P00841
U00441,P00501
U00163,P00608
U00021,P00918
U00464,P00794
U00018,P00823
U00486,P00382
U00132,P00977
U00155,P00811
U00366,P00318
U00066,P00532
U00347,P00490
U00067,P00136
U00451,P00885
U00208,P00595
U00254,P00958
U00140,P00685
U00427,P00552
U00302,P00061
U00215,P00170
U00480,P00222
U00099,P00300
U00046,P00721
U00155,P00053
U00038,P00190
U00163,P00205
U00065,P00409
U00255,P00539
U00233,P00483
U00279,P00353
U00330,P00551
U00478,P00788
U00050,P00450
U00307,P00052
U00362,P00869
U00476,P00472
U00430,P00628
U00009,P00039
U00168,P00330
U00332,P00470
U00343,P00554
U00287,P00893
U00440,P00356
U00359,P00121
U00466,P00776
U00165,P00605
U00095,P00207
U00300,P00239
U00297,P00709
U00105,P00576
U00246,P00005
U00258,P00480
U00339,P00981
U00199,P00048
U00397,P00244
U00431,P00703
U00218,P00812
U00262,P00538
U00252,P00641
U00219,P00088
U00409,P00671
U00347,P00928
U00358,P00882
U00465,P00330
U00404,P00309
U00245,P00047
U00030,P00207
U00494,P00129
U00225,P00437
U00103,P00395
U00318,P00982
U00141,P00827
U00143,P00519
U00391,P00379
U00088,P00934
U00338,P00340
U00227,P00554
U00127,P00988
U00376,P00666
U00403,P00775
U00199,P00579
U00149,P00965
U00210,P00577
U00410,P00150
U00209,P00881
U00153,P00387
U00465,P00548
U00005,P00866
U00313,P00548
U00022,P00704
U00296,P00441
U00284,P00565
U00314,P00140
U00292,P00028
U00242,P00081
U00464,P00192
U00029,P00727
U00138,P00378
U00330,P00223
U00449,P00616
U00357,P00509
U00295,P00404
U00413,P00797
U00398,P00729
U00347,P00078
U00101,P00978
U00107,P00703
U00431,P00368
U00008,P00939
U00461,P00961
U00351,P00908
U00163,P00952
U00205,P00042
U00013,P00837
U00101,P00782
U00137,P00044
U00122,P00021
U00038,P00697
U00416,P00507
U00433,P00793
U00013,P00050
U00318,P00213
U00020,P00440
U00321,P00393
U00419,P00486
U00017,P00784
U00381,P00504
U00368,P00057
U00166,P00202
U00027,P00270
U00115,P00176
U00237,P00626
U00043,P00849
U00496,P00268
U00178,P00562
U00045,P00290
U00394,P00095
U00064,P00807
U00215,P00733
U00323,P00597
U00261,P00501
U00328,P00032
U00104,P00988
U00287,P00118
U00236,P00438
U00174,P00674
U00410,P00901
U00002,P00797
U00335,P00746
U00390,P00706
U00323,P00058
U00407,P00351
U00289,P00014
U00075,P00210
U00013,P00905
U00306,P00608
U00012,P00813
U00201,P00184
U00107,P00526
U00113,P00039
U00348,P00119
U00281,P00116
U00049,P00606
U00342,P00482
U00288,P00745
U00295,P00555
U00224,P00300
U00235,P00638
U00187,P00199
U00231,P00637
U00326,P00844
U00047,P00962
U00067,P00231
U00480,P00543
U00458,P00526
U00445,P00180
U00187,P00693
U00237,P00459
U00480,P00039
U00387,P00320
U00413,P00109
U00136,P00061
U00434,P00212
U00270,P00459
U00458,P00882
U00090,P00667
U00292,P00097
U00406,P00419
U00160,P00990
U00037,P00814
U00179,P00182
U00151,P00683
U00059,P00784
U00045,P00880
U00313,P00644
U00106,P00028
U00415,P00716
U00417,P00605
U00245,P00375
U00110,P00331
U00277,P00244
U00472,P00657
U00268,P00811
U00491,P00846
U00418,P00398
U00041,P00269
U00321,P00915
U00272,P00214
U00254,P00398
U00461,P00508
U00036,P00908
U00035,P00577
U00429,P00097
U00405,P00352
U00204,P00311
U00298,P00100
U00459,P00163
U00352,P00426
U00222,P00326
U00457,P00412
U00056,P00278
U00437,P00912
U00434,P00110
U00389,P00725
U00156,P00199
U00221,P00362
U00140,P00222
U00107,P00367
U00096,P00474
U00231,P00441
U00456,P00776
U00440,P00278
U00403,P00899
U00253,P00734
U00272,P00651
U00314,P00114
U00465,P00886
U00310,P00225
U00192,P00766
U00047,P00135
U00034,P00876
U00237,P00994
U00059,P00778
U00432,P00577
U00386,P00368
U00365,P00467
U00244,P00112
U00115,P00118
U00001,P00694
U00023,P00639
U00128,P00595
U00229,P00128
U00097,P00904
U00390,P00156
U00138,P00348
U00222,P00650
U00327,P00499
U00166,P00749
U00037,P00344
U00013,P00003
U00281,P00050
U00347,P00423
U00032,P00997
U00447,P00507
U00322,P00504
U00290,P00083
U00012,P00917
U00017,P00114
U00171,P00477
U00184,P00975
U00441,P00198
U00401,P00464
U00406,P00760
U00046,P00747
U00017,P00453
U00307,P00420
U00207,P00386
U00313,P00636
U00094,P00621
U00498,P00829
U00477,P00641
U00001,P00810
U00310,P00960
U00313,P00309
U00371,P00234
U00466,P00265
U00340,P00222
U00280,P00953
U00447,P00941
U00425,P00527
U00471,P00284
U00452,P00088
U00084,P00292
U00413,P00304
U00440,P00221
U00203,P00475
U00062,P00246
U00319,P00934
U00418,P00173
U00001,P00133
U00280,P00779
U00091,P00512
U00415,P00324
U00247,P00870
U00006,P00202
U00292,P00937
U00370,P00877
U00468,P00983
U00352,P00308
U00382,P00856
U00454,P00170
U00332,P00842
U00453,P00055
U00419,P00611
U00049,P00658
U00109,P00499
U00241,P00450
U00319,P00047
U00322,P00681
U00374,P00006
U00262,P00919
U00409,P00726
U00141,P00951
U00141,P00678
U00056,P00820
U00290,P00210
U00194,P00691
U00292,P00054
U00127,P00844
U00082,P00932
U00065,P00516
U00207,P00438
U00257,P00446
U00113,P00615
U00405,P00886
U00120,P00108
U00258,P00458
U00460,P00543
U00079,P00145
U00427,P00810
U00497,P00887
U00308,P00303
U00430,P00155
U00259,P00410
U00102,P00407
U00040,P00777
U00451,P00075
U00266,P00769
U00334,P00657
U00452,P00888
U00171,P00394
U00065,P00629
U00115,P00703
U00183,P00846
U00199,P00239
U00405,P00501
U00008,P00897
U00492,P00255
U00206,P00877
U00485,P00278
U00037,P00427
U00219,P00451
U00170,P00283
U00007,P00633
U00417,P00396
U00489,P00444
U00124,P00741
U00463,P00436
U00038,P00747
U00291,P00827
U00204,P00961
U00203,P00333
U00214,P00872
U00000,P00383
U00322,P00641
U00358,P00074
U00066,P00219
U00104,P00070
U00440,P00635
U00430,P00631
U00275,P00738
U00359,P00709
U00103,P00549
U00446,P00119
U00048,P00248
U00001,P00005
U00489,P00600
U00378,P00733
U00262,P00243
U00183,P00699
U00488,P00598
U00199,P00742
U00479,P00211
U00445,P00113
U00050,P00082
U00090,P00104
U00370,P00200
U00292,P00579
U00448,P00144
U00185,P00674
U00402,P00160
U00243,P00022
U00237,P00148
U00120,P00475
U00311,P00238
U00285,P00187
U00075,P00956
U00238,P00413
U00482,P00491
U00374,P00846
U00072,P00560
U00223,P00152
U00194,P00082
U00466,P00344
U00357,P00086
U00025,P00607
U00115,P00368
U00331,P00452
U00380,P00008
U00490,P00938
U00323,P00878
U00098,P00198
U00095,P00001
U00163,P00956
U00124,P00582
U00467,P00113
U00276,P00670
U00145,P00018
U00460,P00319
U00009,P00910
U00214,P00251
U00221,P00618
U00049,P00518
U00320,P00522
U00248,P00183
U00389,P00835
U00342,P00621
U00206,P00345
U00266,P00601
U00287,P00778
U00029,P00966
U00167,P00444
U00327,P00839
U00289,P00035
U00373,P00866
U00485,P00093
U00002,P00676
U00121,P00325
U00263,P00815
U00120,P00184
U00292,P00103
U00441,P00432
U00326,P00360
U00263,P00945
U00464,P00926
U00344,P00125
U00058,P00512
U00283,P00680
U00212,P00812
U00302,P00907
U00492,P00459
U00361,P00938
U00152,P00770
U00268,P00369
U00417,P00514
U00050,P00592
U00303,P00656
U00481,P00040
U00033,P00511
U00258,P00976
U00316,P00923
U00492,P00105
U00192,P00831
U00403,P00693
U00313,P00501
U00169,P00940
U00098,P00173
U00166,P00937
U00099,P00977
U00194,P00973
U00028,P00496
U00264,P00476
U00241,P00141
U00280,P00347
U00494,P00887
U00297,P00282
U00406,P00624
U00219,P00745
U00464,P00452
U00401,P00979
U00160,P00697
U00458,P00909
U00396,P00554
U00434,P00974
U00461,P00615
U00480,P00001
U00211,P00820
U00453,P00223
U00441,P00803
U00433,P00277
U00222,P00729
U00266,P00913
U00008,P00883
U00015,P00812
U00332,P00203
U00245,P00805
U00413,P00958
U00231,P00045
U00493,P00058
U00463,P00667
U00083,P00063
U00027,P00274
U00262,P00154
U00405,P00178
U00145,P00383
U00157,P00240
U00280,P00661
U00108,P00684
U00056,P00935
U00214,P00852
U00322,P00247
U00115,P00950
U00258,P00318
U00000,P00955
U00100,P00469
U00126,P00289
U00412,P00513
U00139,P00249
U00264,P00040
U00443,P00629
U00282,P00151
U00173,P00386
U00237,P00465
U00227,P00827
U00209,P00282
U00196,P00551
U00322,P00049
U00253,P00994
U00038,P00870
U00076,P00722
U00132,P00213
U00284,P00336
U00328,P00555
U00315,P00961
U00157,P00076
U00050,P00547
U00280,P00304
U00380,P00977
U00052,P00716
U00433,P00630
U00412,P00204
U00246,P00854
U00249,P00512
U00011,P00677
U00262,P00458
U00114,P00737
U00172,P00147
U00139,P00293
U00164,P00561
U00236,P00047
U00168,P00424
U00048,P00800
U00219,P00526
U00430,P00798
U00433,P00229
U00432,P00985
U00465,P00456
U00106,P00220
U00426,P00066
U00060,P00847
U00496,P00491
U00166,P00990
U00485,P00293
U00493,P00931
U00118,P00864
U00117,P00777
U00463,P00368
U00282,P00580
U00048,P00455
U00273,P00532
U00056,P00288
U00416,P00389
U00372,P00940
U00147,P00306
U00101,P00911
U00205,P00809
U00156,P00324
U00397,P00003
U00441,P00023
U00037,P00171
U00269,P00482
U00223,P00453
U00268,P00404
U00086,P00449
U00224,P00375
U00373,P00072
U00064,P00481
U00466,P00421
U00084,P00520
U00438,P00677
U00081,P00961
U00429,P00525
U00087,P00155
U00296,P00333
U00160,P00516
U00461,P00168
U00448,P00789
U00411,P00387
U00359,P00443
U00078,P00808
U00374,P00297
U00159,P00579
U00370,P00592
U00062,P00962
U00167,P00379
U00296,P00073
U00392,P00208
U00099,P00425
U00268,P00064
U00159,P00001
U00126,P00554
U00448,P00582
U00367,P00659
U00405,P00528
U00368,P00389
U00383,P00496
U00315,P00033
U00133,P00150
U00017,P00216
U00199,P00074
U00394,P00173
U00288,P00517
U00424,P00325
U00000,P00312
U00328,P00472
U00388,P00159
U00141,P00850
U00206,P00393
U00211,P00451
U00038,P00283
U00147,P00661
U00074,P00319
U00429,P00745
U00459,P00431
U00057,P00895
U00494,P00332
U00444,P00612
U00248,P00876
U00162,P00052
U00238,P00733
U00001,P00357
U00134,P00677
U00181,P00619
U00048,P00982
U00118,P00143
U00424,P00969
U00311,P00439
U00249,P00458
U00125,P00447
U00036,P00032
U00459,P00969
U00408,P00837
U00236,P00730
U00122,P00876
U00079,P00141
U00304,P00302
U00085,P00293
U00069,P00316
U00321,P00363
U00163,P00178
U00478,P00733
U00411,P00546
U00144,P00227
U00272,P00894
U00397,P00371
U00086,P00130
U00086,P00091
U00344,P00291
U00223,P00339
U00245,P00045
U00140,P00216
U00377,P00635
U00326,P00411
U00040,P00095
U00213,P00829
U00251,P00054
U00343,P00316
U00010,P00612
U00358,P00763
U00145,P00723
U00342,P00026
U00156,P00363
U00105,P00353
U00020,P00829
U00156,P00012
U00282,P00035
U00480,P00871
U00054,P00854
U00070,P00263
U00334,P00588
U00143,P00656
U00051,P00483
U00331,P00379
U00496,P00611
U00356,P00702
U00126,P00724
U00203,P00317
U00259,P00801
U00430,P00677
U00261,P00950
U00223,P00058
U00117,P00914
U00271,P00490
U00445,P00962
U00166,P00608
U00131,P00217
U00467,P00982
U00170,P00804
U00499,P00004
U00145,P00575
U00390,P00770
U00145,P00799
U00422,P00674
U00457,P00591
U00063,P00692
U00387,P00517
U00275,P00899
U00104,P00019
U00169,P00435
U00031,P00725
U00339,P00222
U00122,P00864
U00173,P00783
U00317,P00995
U00347,P00756
U00198,P00058
U00253,P00423
U00364,P00728
U00131,P00755
U00153,P00839
U00139,P00127
U00307,P00996
U00220,P00070
U00292,P00301
U00039,P00750
U00325,P00314
U00164,P00874
U00062,P00203
U00422,P00373
U00395,P00585
U00109,P00823
U00140,P00772
U00026,P00471
U00280,P00664
U00011,P00195
U00417,P00045
U00471,P00930
U00477,P00876
U00066,P00473
U00198,P00197
U00422,P00822
U00245,P00909
U00383,P00712
U00092,P00048
U00228,P00616
U00498,P00545
U00336,P00128
U00386,P00749
U00310,P00330
U00175,P00542
U00126,P00712
U00431,P00194
U00420,P00356
U00368,P00189
U00424,P00540
U00395,P00227
U00189,P00747
U00225,P00038
U00446,P00657
U00439,P00685
U00134,P00467
U00074,P00792
U00373,P00673
U00221,P00087
U00155,P00994
U00467,P00806
U00037,P00244
U00277,P00680
U00037,P00258
U00278,P00254
U00265,P00985
U00211,P00911
U00028,P00050
U00362,P00397
U00137,P00060
U00371,P00125
U00266,P00368
U00270,P00445
U00210,P00203
U00386,P00696
U00134,P00298
U00394,P00562
U00221,P00237
U00036,P00157
U00106,P00211
U00152,P00357
U00227,P00583
U00132,P00751
U00088,P00163
U00128,P00389
U00068,P00733
U00008,P00922
U00064,P00715
U00123,P00417
U00405,P00888
U00409,P00734
U00242,P00261
U00453,P00453
U00078,P00569
U00224,P00284
U00025,P00890
U00395,P00117
U00481,P00156
U00435,P00801
U00399,P00430
U00083,P00248
U00198,P00395
U00435,P00669
U00406,P00418
U00435,P00211
U00350,P00573
U00294,P00726
U00362,P00334
U00258,P00803
U00089,P00310
U00320,P00870
U00315,P00803
U00228,P00116
U00163,P00367
U00429,P00533
U00416,P00495
U00141,P00012
U00385,P00792
U00198,P00795
U00049,P00513
U00114,P00812
U00076,P00874
U00167,P00574
U00356,P00961
U00036,P00558
U00286,P00751
U00126,P00283
U00000,P00473
U00453,P00342
U00112,P00653
U00383,P00026
U00279,P00143
U00057,P00373
U00434,P00115
U00222,P00169
U00376,P00301
U00341,P00730
U00002,P00076
U00385,P00669
U00281,P00014
U00452,P00216
U00354,P00071
U00034,P00260
U00140,P00182
U00322,P00422
U00424,P00775
U00319,P00758
U00466,P00390
U00084,P00745
U00085,P00448
U00186,P00668
U00361,P00311
U00113,P00835
U00488,P00827
U00387,P00636
U00020,P00439
U00030,P00166
U00399,P00279
U00337,P00155
U00224,P00933
U00177,P00849
U00277,P00994
U00117,P00957
U00090,P00555
U00279,P00141
U00168,P00846
U00210,P00776
U00395,P00453
U00402,P00940
U00171,P00764
U00029,P00314
U00281,P00634
U00464,P00019
U00273,P00888
U00428,P00675
U00215,P00890
U00315,P00252
U00422,P00680
U00137,P00659
U00181,P00874
U00322,P00950
U00017,P00005
U00158,P00334
U00253,P00716
U00170,P00135
U00412,P00168
U00435,P00715
U00228,P00047
U00293,P00561
U00144,P00525
U00176,P00579
U00042,P00206
U00203,P00409
U00121,P00287
U00491,P00669
U00320,P00122
U00435,P00546
U00071,P00416
U00498,P00546
U00433,P00309
U00490,P00462
U00052,P00444
U00077,P00568
U00083,P00319
U00454,P00968
U00148,P00112
U00463,P00784
U00014,P00163
U00460,P00815
U00168,P00350
U00410,P00179
U00102,P00731
U00350,P00956
U00385,P00030
U00448,P00584
U00009,P00203
U00298,P00686
U00275,P00214
U00389,P00362
U00374,P00034
U00295,P00400
U00043,P00903
U00386,P00567
U00029,P00156
U00162,P00680
U00226,P00674
U00116,P00910
U00155,P00879
U00473,P00578
U00142,P00086
U00217,P00047
U00453,P00304
U00251,P00242
U00213,P00073
U00092,P00473
U00445,P00871
U00436,P00883
U00346,P00378
U00272,P00833
U00499,P00557
U00096,P00716
U00490,P00066
U00429,P00361
U00344,P00135
U00124,P00297
U00332,P00525
U00466,P00488
U00361,P00562
U00064,P00528
U00048,P00215
U00365,P00970
U00439,P00535
U00215,P00621
U00257,P00606
U00138,P00505
U00352,P00355
U00373,P00241
U00497,P00572
U00304,P00293
U00437,P00204
U00453,P00820
U00308,P00760
U00408,P00453
U00430,P00564
U00158,P00260
U00335,P00032
U00481,P00479
U00418,P00672
U00240,P00502
U00403,P00624
U00012,P00615
U00223,P00298
U00030,P00963
U00367,P00929
U00485,P00221
U00059,P00084
U00299,P00103
U00119,P00636
U00331,P00857
U00193,P00502
U00143,P00202
U00050,P00502
U00091,P00633
U00014,P00206
U00020,P00581
U00271,P00361
U00241,P00544
U00022,P00983
U00017,P00879
U00048,P00317
U00042,P00947
U00237,P00582
U00007,P00040
U00177,P00562
U00411,P00498
U00188,P00531
U00117,P00054
U00285,P00860
U00414,P00368
U00257,P00532
U00305,P00685
U00393,P00958
U00180,P00346
U00442,P00740
U00307,P00113
U00476,P00133
U00384,P00383
U00410,P00557
U00085,P00952
U00196,P00866
U00488,P00497
U00445,P00612
U00028,P00178
U00471,P00146
U00017,P00299
U00173,P00518
U00285,P00261
U00179,P00465
U00373,P00117
U00287,P00365
U00296,P00800
U00048,P00298
U00153,P00420
U00291,P00569
U00237,P00515
U00498,P00115
U00102,P00272
U00190,P00422
U00039,P00218
U00402,P00269
U00473,P00281
U00496,P00752
U00171,P00198
U00382,P00853
U00277,P00157
U00314,P00066
U00222,P00009
U00256,P00103
U00166,P00658
U00308,P00218
U00061,P00489
U00045,P00971
U00225,P00172
U00332,P00598
U00419,P00354
U00474,P00525
U00414,P00402
U00340,P00187
U00252,P00197
U00027,P00554
U00009,P00445
U00438,P00605
U00316,P00215
U00176,P00520
U00053,P00258
U00117,P00513
U00466,P00103
U00287,P00252
U00244,P00789
U00485,P00421
U00285,P00657
U00271,P00701
U00221,P00336
U00311,P00002
U00291,P00422
U00439,P00573
U00370,P00688
U00192,P00943
U00051,P00489
U00285,P00373
U00256,P00405
U00427,P00299
U00302,P00857
U00041,P00918
U00179,P00694
U00086,P00350
U00127,P00122
U00113,P00450
U00313,P00395
U00432,P00695
U00297,P00219
U00313,P00642
U00463,P00553
U00226,P00440
U00487,P00467
U00375,P00407
U00030,P00764
U00229,P00268
U00214,P00568
U00284,P00433
U00320,P00844
U00167,P00933
U00339,P00732
U00436,P00638
U00366,P00609
U00479,P00724
U00356,P00287
U00487,P00708
U00150,P00244
U00104,P00044
U00495,P00499
U00350,P00645
U00022,P00713
U00000,P00274
U00086,P00274
U00006,P00845
U00176,P00810
U00037,P00396
U00393,P00524
U00333,P00257
U00401,P00234
U00423,P00326
U00098,P00098
U00347,P00702
U00167,P00718
U00122,P00579
U00273,P00156
U00484,P00706
U00314,P00456
U00125,P00771
U00424,P00958
U00073,P00659
U00389,P00728
U00062,P00049
U00431,P00450
U00401,P00316
U00278,P00486
U00173,P00607
U00186,P00069
U00365,P00800
U00215,P00283
U00099,P00740
U00072,P00500
U00331,P00187
U00009,P00477
U00218,P00632
U00347,P00555
U00299,P00648
U00366,P00110
U00337,P00437
U00418,P00610
U00282,P00392
U00372,P00338
U00428,P00594
U00103,P00960
U00320,P00869
U00413,P00566
U00152,P00081
U00317,P00342
U00385,P00201
U00375,P00146
U00354,P00336
U00325,P00398
U00018,P00202
U00067,P00669
U00337,P00129
U00458,P00192
U00417,P00390
U00270,P00803
U00409,P00727
U00445,P00529
U00245,P00904
U00348,P00590
U00189,P00784
U00240,P00115
U00206,P00443
U00200,P00984
U00181,P00431
U00459,P00607
U00223,P00848
U00334,P00733
U00281,P00321
U00430,P00073
U00282,P00921
U00309,P00858
U00228,P00059
U00113,P00595
U00060,P00863
U00466,P00492
U00048,P00604
U00452,P00751
U00478,P00356
U00043,P00549
U00077,P00132
U00120,P00753
U00402,P00060
U00442,P00421
U00360,P00948
U00203,P00307
U00173,P00551
U00228,P00435
U00262,P00820
U00427,P00487
U00315,P00681
U00065,P00135
U00065,P00007
U00401,P00443
U00104,P00241
U00380,P00561
U00153,P00045
U00031,P00835
U00480,P00588
U00068,P00313
U00398,P00379
U00489,P00968
U00398,P00608
U00172,P00202
U00132,P00691
U00157,P00192
U00260,P00404
U00380,P00268
U00250,P00843
U00212,P00247
U00153,P00151
U00216,P00289
U00366,P00127
U00083,P00007
U00000,P00627
U00413,P00850
U00059,P00775
U00180,P00613
U00069,P00095
U00218,P00060
U00185,P00664
U00021,P00050
U00330,P00846
U00454,P00963
U00408,P00385
U00209,P00013
U00225,P00820
U00199,P00188
U00394,P00337
U00038,P00409
U00248,P00314
U00487,P00266
U00430,P00371
U00452,P00520
U00226,P00232
U00018,P00862
U00242,P00410
U00062,P00795
U00155,P00787
U00094,P00602
U00257,P00235
U00321,P00624
U00412,P00150
U00121,P00991
U00342,P00612
U00089,P00447
U00210,P00764
U00124,P00942
U00367,P00301
U00442,P00044
U00226,P00879
U00335,P00151
U00138,P00494
U00371,P00704
U00424,P00764
U00252,P00756
U00272,P00038
U00272,P00586
U00197,P00345
U00025,P00589
U00422,P00181
U00319,P00539
U00035,P00234
U00189,P00495
U00239,P00902
U00354,P00487
U00449,P00276
U00337,P00085
U00460,P00783
U00463,P00661
U00083,P00209
U00056,P00768
U00240,P00908
U00134,P00070
U00155,P00189
U00352,P00012
U00071,P00122
U00048,P00961
U00064,P00474
U00399,P00541
U00342,P00751
U00263,P00584
U00484,P00239
U00079,P00381
U00479,P00693
U00253,P00624
U00377,P00743
U00278,P00637
U00371,P00166
U00225,P00785
U00183,P00912
U00492,P00118
U00276,P00084
U00483,P00379
U00321,P00592
U00106,P00863
U00423,P00528
U00150,P00450
U00122,P00591
U00250,P00328
U00277,P00449
U00103,P00249
U00451,P00989
U00104,P00295
U00346,P00628
U00297,P00762
U00063,P00631
U00238,P00463
U00140,P00249
U00075,P00852
U00269,P00862
U00481,P00401
U00332,P00982
U00205,P00880
U00120,P00085
U00314,P00441
U00345,P00192
U00070,P00137
U00217,P00273
U00459,P00712
U00439,P00384
U00246,P00729
U00097,P00405
U00386,P00103
U00273,P00559
U00200,P00813
U00098,P00689
U00432,P00149
U00444,P00333
U00457,P00297
U00126,P00355
U00172,P00876
U00167,P00675
U00339,P00043
U00125,P00977
U00023,P00751
U00160,P00458
U00241,P00904
U00145,P00212
U00395,P00983
U00429,P00396
U00101,P00814
U00121,P00220
U00344,P00980
U00213,P00448
U00281,P00670
U00203,P00992
U00337,P00116
U00300,P00833
U00493,P00205
U00027,P00087
U00256,P00350
U00181,P00400
U00146,P00837
U00000,P00986
U00294,P00287
U00289,P00745
U00367,P00877
U00150,P00581
U00400,P00417
U00321,P00560
U00032,P00854
U00132,P00092
U00369,P00209
U00157,P00787
U00077,P00608
U00211,P00765
U00056,P00510
U00128,P00159
U00152,P00446
U00241,P00933
U00202,P00723
U00275,P00177
U00017,P00076
U00312,P00856
U00227,P00108
U00161,P00299
U00151,P00125
U00434,P00713
U00242,P00657
U00203,P00823
U00126,P00434
U00185,P00386
U00148,P00567
U00171,P00000
U00405,P00132
U00443,P00701
U00286,P00779
U00085,P00503
U00113,P00733
U00322,P00682
U00120,P00156
U00435,P00308
U00207,P00209
U00280,P00910
U00288,P00645
U00139,P00124
U00131,P00582
U00028,P00149
U00149,P00880
U00486,P00495
U00322,P00035
U00220,P00160
U00263,P00974
U00267,P00549
U00219,P00642
U00180,P00273
U00161,P00844
U00351,P00341
U00257,P00613
U00083,P00254
U00467,P00027
U00380,P00940
U00143,P00848
U00030,P00621
U00001,P00141
U00201,P00566
U00311,P00211
U00217,P00809
U00211,P00441
U00329,P00375
U00469,P00890
U00235,P00127
U00106,P00454
U00104,P00478
U00335,P00860
U00310,P00851
U00437,P00824
U00002,P00002
U00002,P00003
U00002,P00005
U00002,P00006
U00002,P00009
U00002,P00010
U00002,P00011
U00002,P00014
U00002,P00017
U00002,P00018
U00002,P00021
U00002,P00022
U00002,P00025
U00002,P00026
U00002,P00031
U00002,P00032
U00002,P00034
U00002,P00035
U00002,P00037
U00002,P00039
U00002,P00040
U00002,P00041
U00002,P00043
U00002,P00045
U00002,P00049
U00002,P00050
U00002,P00051
U00002,P00052
U00002,P00053
U00002,P00055
U00002,P00057
U00002,P00058
U00002,P00060
U00002,P00063
U00002,P00065
U00002,P00070
U00002,P00071
U00002,P00072
U00002,P00073
U00002,P00079
U00002,P00080
U00002,P00081
U00002,P00082
U00002,P00083
U00023,P00000
U00023,P00004
U00023,P00007
U00023,P00010
U00023,P00013
U00023,P00014
U00023,P00015
U00023,P00019
U00023,P00020
U00023,P00021
U00023,P00023
U00023,P00024
U00023,P00026
U00023,P00028
U00023,P00029
U00023,P00036
U00023,P00037
U00023,P00038
U00023,P00043
U00023,P00045
U00023,P00049
U00023,P00050
U00023,P00051
U00023,P00053
U00023,P00054
U00023,P00057
U00023,P00058
U00023,P00060
U00023,P00064
U00023,P00065
U00023,P00066
U00023,P00068
U00023,P00069
U00023,P00072
U00023,P00079
U00023,P00082
U00045,P00003
U00045,P00004
U00045,P00005
U00045,P00006
U00045,P00010
U00045,P00011
U00045,P00015
U00045,P00016
U00045,P00020
U00045,P00021
U00045,P00026
U00045,P00027
U00045,P00029
U00045,P00030
U00045,P00033
U00045,P00034
U00045,P00036
U00045,P00041
U00045,P00043
U00045,P00046
U00045,P00048
U00045,P00050
U00045,P00052
U00045,P00054
U00045,P00058
U00045,P00060
U00045,P00061
U00045,P00062
U00045,P00068
U00045,P00072
U00045,P00074
U00045,P00076
U00045,P00078
U00045,P00079
U00049,P00001
U00049,P00002
U00049,P00003
U00049,P00005
U00049,P00006
U00049,P00007
U00049,P00010
U00049,P00015
U00049,P00017
U00049,P00020
U00049,P00022
U00049,P00023
U00049,P00029
U00049,P00030
U00049,P00031
U00049,P00032
U00049,P00036
U00049,P00043
U00049,P00045
U00049,P00046
U00049,P00047
U00049,P00048
U00049,P00051
U00049,P00054
U00049,P00057
U00049,P00058
U00049,P00060
U00049,P00062
U00049,P00063
U00049,P00066
U00049,P00068
U00049,P00072
U00049,P00077
U00049,P00081
U00049,P00083
U00093,P00002
U00093,P00003
U00093,P00004
U00093,P00005
U00093,P00008
U00093,P00011
U00093,P00013
U00093,P00015
U00093,P00016
U00093,P00021
U00093,P00026
U00093,P00028
U00093,P00029
U00093,P00031
U00093,P00032
U00093,P00033
U00093,P00037
U00093,P00038
U00093,P00039
U00093,P00041
U00093,P00042
U00093,P00043
U00093,P00045
U00093,P00046
U00093,P00047
U00093,P00048
U00093,P00051
U00093,P00055
U00093,P00056
U00093,P00060
U00093,P00061
U00093,P00063
U00093,P00064
U00093,P00066
U00093,P00067
U00093,P00068
U00093,P00070
U00093,P00072
U00093,P00073
U00093,P00074
U00093,P00076
U00093,P00077
U00093,P00078
U00093,P00080
U00093,P00081
U00093,P00083
U00115,P00001
U00115,P00003
U00115,P00010
U00115,P00012
U00115,P00013
U00115,P00019
U00115,P00020
U00115,P00021
U00115,P00023
U00115,P00024
U00115,P00025
U00115,P00027
U00115,P00031
U00115,P00034
U00115,P00038
U00115,P00039
U00115,P00043
U00115,P00046
U00115,P00047
U00115,P00048
U00115,P00049
U00115,P00052
U00115,P00053
U00115,P00056
U00115,P00059
U00115,P00062
U00115,P00067
U00115,P00074
U00119,P00002
U00119,P00003
U00119,P00007
U00119,P00008
U00119,P00009
U00119,P00010
U00119,P00012
U00119,P00015
U00119,P00016
U00119,P00017
U00119,P00018
U00119,P00021
U00119,P00022
U00119,P00026
U00119,P00027
U00119,P00029
U00119,P00030
U00119,P00032
U00119,P00033
U00119,P00034
U00119,P00036
U00119,P00037
U00119,P00038
U00119,P00039
U00119,P00040
U00119,P00042
U00119,P00043
U00119,P00044
U00119,P00045
U00119,P00047
U00119,P00048
U00119,P00049
U00119,P00050
U00119,P00051
U00119,P00053
U00119,P00054
U00119,P00056
U00119,P00057
U00119,P00058
U00119,P00059
U00119,P00061
U00119,P00062
U00119,P00063
U00119,P00064
U00119,P00067
U00119,P00068
U00119,P00069
U00119,P00071
U00119,P00072
U00119,P00076
U00119,P00082
U00119,P00083
U00126,P00000
U00126,P00001
U00126,P00002
U00126,P00005
U00126,P00007
U00126,P00010
U00126,P00011
U00126,P00012
U00126,P00014
U00126,P00015
U00126,P00017
U00126,P00021
U00126,P00023
U00126,P00032
U00126,P00033
U00126,P00034
U00126,P00037
U00126,P00039
U00126,P00040
U00126,P00041
U00126,P00042
U00126,P00044
U00126,P00045
U00126,P00046
U00126,P00049
U00126,P00050
U00126,P00051
U00126,P00052
U00126,P00053
U00126,P00054
U00126,P00055
U00126,P00056
U00126,P00057
U00126,P00059
U00126,P00060
U00126,P00062
U00126,P00063
U00126,P00065
U00126,P00066
U00126,P00067
U00126,P00068
U00126,P00071
U00126,P00073
U00126,P00076
U00126,P00078
U00126,P00079
U00126,P00081
U00126,P00083
U00136,P00003
U00136,P00006
U00136,P00008
U00136,P00011
U00136,P00013
U00136,P00014
U00136,P00016
U00136,P00022
U00136,P00025
U00136,P00026
U00136,P00029
U00136,P00032
U00136,P00033
U00136,P00038
U00136,P00042
U00136,P00044
U00136,P00046
U00136,P00047
U00136,P00048
U00136,P00049
U00136,P00050
U00136,P00054
U00136,P00057
U00136,P00058
U00136,P00062
U00136,P00063
U00136,P00064
U00136,P00065
U00136,P00068
U00136,P00071
U00136,P00074
U00136,P00075
U00136,P00077
U00136,P00078
U00136,P00082
U00185,P00000
U00185,P00001
U00185,P00004
U00185,P00006
U00185,P00012
U00185,P00014
U00185,P00020
U00185,P00021
U00185,P00025
U00185,P00026
U00185,P00028
U00185,P00030
U00185,P00031
U00185,P00032
U00185,P00034
U00185,P00035
U00185,P00038
U00185,P00039
U00185,P00040
U00185,P00041
U00185,P00043
U00185,P00044
U00185,P00045
U00185,P00048
U00185,P00053
U00185,P00054
U00185,P00058
U00185,P00059
U00185,P00060
U00185,P00061
U00185,P00063
U00185,P00066
U00185,P00068
U00185,P00070
U00185,P00071
U00185,P00073
U00185,P00074
U00185,P00075
U00185,P00076
U00185,P00077
U00185,P00080
U00185,P00082
U00185,P00083
U00187,P00002
U00187,P00004
U00187,P00005
U00187,P00006
U00187,P00008
U00187,P00010
U00187,P00013
U00187,P00014
U00187,P00015
U00187,P00016
U00187,P00018
U00187,P00020
U00187,P00025
U00187,P00029
U00187,P00031
U00187,P00033
U00187,P00034
U00187,P00040
U00187,P00041
U00187,P00043
U00187,P00045
U00187,P00046
U00187,P00049
U00187,P00050
U00187,P00053
U00187,P00054
U00187,P00056
U00187,P00057
U00187,P00058
U00187,P00059
U00187,P00061
U00187,P00063
U00187,P00066
U00187,P00067
U00187,P00068
U00187,P00072
U00187,P00074
U00187,P00079
U00187,P00080
U00187,P00082
U00201,P00002
U00201,P00003
U00201,P00007
U00201,P00008
U00201,P00012
U00201,P00014
U00201,P00015
U00201,P00018
U00201,P00019
U00201,P00021
U00201,P00024
U00201,P00027
U00201,P00028
U00201,P00029
U00201,P00030
U00201,P00033
U00201,P00034
U00201,P00038
U00201,P00039
U00201,P00040
U00201,P00043
U00201,P00044
U00201,P00046
U00201,P00049
U00201,P00058
U00201,P00059
U00201,P00063
U00201,P00064
U00201,P00066
U00201,P00067
U00201,P00072
U00201,P00073
U00201,P00076
U00201,P00079
U00201,P00080
U00201,P00081
U00215,P00000
U00215,P00001
U00215,P00003
U00215,P00006
U00215,P00009
U00215,P00010
U00215,P00015
U00215,P00016
U00215,P00018
U00215,P00019
U00215,P00020
U00215,P00021
U00215,P00022
U00215,P00027
U00215,P00028
U00215,P00030
U00215,P00032
U00215,P00034
U00215,P00037
U00215,P00038
U00215,P00039
U00215,P00041
U00215,P00047
U00215,P00053
U00215,P00055
U00215,P00056
U00215,P00058
U00215,P00061
U00215,P00062
U00215,P00064
U00215,P00065
U00215,P00067
U00215,P00069
U00215,P00074
U00215,P00075
U00215,P00076
U00215,P00078
U00215,P00079
U00215,P00080
U00215,P00081
U00215,P00082
U00267,P00000
U00267,P00001
U00267,P00002
U00267,P00005
U00267,P00006
U00267,P00008
U00267,P00010
U00267,P00013
U00267,P00014
U00267,P00017
U00267,P00020
U00267,P00026
U00267,P00028
U00267,P00030
U00267,P00031
U00267,P00032
U00267,P00033
U00267,P00034
U00267,P00035
U00267,P00036
U00267,P00037
U00267,P00040
U00267,P00041
U00267,P00046
U00267,P00047
U00267,P00048
U00267,P00050
U00267,P00052
U00267,P00053
U00267,P00054
U00267,P00055
U00267,P00056
U00267,P00058
U00267,P00059
U00267,P00061
U00267,P00063
U00267,P00064
U00267,P00065
U00267,P00066
U00267,P00070
U00267,P00072
U00267,P00073
U00267,P00074
U00267,P00075
U00267,P00080
U00267,P00082
U00349,P00000
U00349,P00002
U00349,P00003
U00349,P00004
U00349,P00005
U00349,P00007
U00349,P00009
U00349,P00011
U00349,P00012
U00349,P00015
U00349,P00018
U00349,P00023
U00349,P00024
U00349,P00025
U00349,P00026
U00349,P00028
U00349,P00030
U00349,P00032
U00349,P00033
U00349,P00035
U00349,P00036
U00349,P00038
U00349,P00039
U00349,P00041
U00349,P00043
U00349,P00044
U00349,P00045
U00349,P00049
U00349,P00051
U00349,P00057
U00349,P00058
U00349,P00059
U00349,P00063
U00349,P00064
U00349,P00065
U00349,P00066
U00349,P00069
U00349,P00072
U00349,P00073
U00349,P00079
U00349,P00082
U00349,P00083
U00372,P00002
U00372,P00003
U00372,P00005
U00372,P00006
U00372,P00007
U00372,P00008
U00372,P00009
U00372,P00010
U00372,P00011
U00372,P00012
U00372,P00013
U00372,P00016
U00372,P00020
U00372,P00021
U00372,P00022
U00372,P00023
U00372,P00025
U00372,P00028
U00372,P00029
U00372,P00031
U00372,P00032
U00372,P00033
U00372,P00034
U00372,P00038
U00372,P00041
U00372,P00043
U00372,P00048
U00372,P00051
U00372,P00054
U00372,P00055
U00372,P00062
U00372,P00065
U00372,P00066
U00372,P00067
U00372,P00070
U00372,P00073
U00372,P00074
U00372,P00076
U00372,P00077
U00372,P00079
U00372,P00080
U00372,P00082
U00373,P00000
U00373,P00005
U00373,P00010
U00373,P00011
U00373,P00013
U00373,P00014
U00373,P00016
U00373,P00017
U00373,P00018
U00373,P00020
U00373,P00021
U00373,P00022
U00373,P00023
U00373,P00025
U00373,P00027
U00373,P00028
U00373,P00031
U00373,P00032
U00373,P00033
U00373,P00036
U00373,P00039
U00373,P00042
U00373,P00045
U00373,P00046
U00373,P00047
U00373,P00049
U00373,P00051
U00373,P00052
U00373,P00053
U00373,P00054
U00373,P00057
U00373,P00058
U00373,P00060
U00373,P00062
U00373,P00064
U00373,P00066
U00373,P00067
U00373,P00068
U00373,P00071
U00373,P00075
U00373,P00078
U00373,P00080
U00380,P00001
U00380,P00003
U00380,P00005
U00380,P00006
U00380,P00007
U00380,P00010
U00380,P00014
U00380,P00015
U00380,P00016
U00380,P00017
U00380,P00019
U00380,P00020
U00380,P00022
U00380,P00024
U00380,P00025
U00380,P00026
U00380,P00027
U00380,P00028
U00380,P00032
U00380,P00035
U00380,P00036
U00380,P00040
U00380,P00042
U00380,P00044
U00380,P00045
U00380,P00046
U00380,P00048
U00380,P00050
U00380,P00051
U00380,P00052
U00380,P00053
U00380,P00054
U00380,P00056
U00380,P00061
U00380,P00063
U00380,P00066
U00380,P00068
U00380,P00069
U00380,P00072
U00380,P00074
U00380,P00076
U00380,P00078
U00380,P00080
U00380,P00083
U00396,P00000
U00396,P00002
U00396,P00003
U00396,P00004
U00396,P00005
U00396,P00006
U00396,P00008
U00396,P00009
U00396,P00010
U00396,P00012
U00396,P00017
U00396,P00019
U00396,P00021
U00396,P00022
U00396,P00025
U00396,P00026
U00396,P00027
U00396,P00028
U00396,P00029
U00396,P00034
U00396,P00035
U00396,P00036
U00396,P00041
U00396,P00043
U00396,P00044
U00396,P00045
U00396,P00046
U00396,P00051
U00396,P00052
U00396,P00054
U00396,P00055
U00396,P00056
U00396,P00058
U00396,P00059
U00396,P00060
U00396,P00065
U00396,P00066
U00396,P00067
U00396,P00070
U00396,P00071
U00396,P00076
U00396,P00077
U00396,P00078
U00396,P00079
U00396,P00082
U00413,P00001
U00413,P00003
U00413,P00004
U00413,P00006
U00413,P00007
U00413,P00009
U00413,P00010
U00413,P00011
U00413,P00014
U00413,P00015
U00413,P00016
U00413,P00019
U00413,P00020
U00413,P00021
U00413,P00024
U00413,P00025
U00413,P00029
U00413,P00030
U00413,P00031
U00413,P00032
U00413,P00033
U00413,P00034
U00413,P00035
U00413,P00038
U00413,P00039
U00413,P00042
U00413,P00043
U00413,P00045
U00413,P00046
U00413,P00049
U00413,P00052
U00413,P00053
U00413,P00055
U00413,P00056
U00413,P00057
U00413,P00058
U00413,P00060
U00413,P00061
U00413,P00062
U00413,P00063
U00413,P00064
U00413,P00065
U00413,P00066
U00413,P00072
U00413,P00073
U00413,P00074
U00413,P00080
U00413,P00081
U00413,P00082
U00413,P00083
U00463,P00001
U00463,P00004
U00463,P00005
U00463,P00006
U00463,P00007
U00463,P00008
U00463,P00015
U00463,P00018
U00463,P00022
U00463,P00023
U00463,P00024
U00463,P00027
U00463,P00029
U00463,P00036
U00463,P00039
U00463,P00042
U00463,P00043
U00463,P00045
U00463,P00046
U00463,P00048
U00463,P00050
U00463,P00051
U00463,P00054
U00463,P00056
U00463,P00058
U00463,P00059
U00463,P00063
U00463,P00064
U00463,P00066
U00463,P00067
U00463,P00068
U00463,P00070
U00463,P00071
U00463,P00072
U00463,P00074
U00463,P00075
U00463,P00076
U00463,P00077
U00463,P00081
U00463,P00082
U00463,P00083
U00494,P00001
U00494,P00003
U00494,P00004
U00494,P00005
U00494,P00006
U00494,P00009
U00494,P00011
U00494,P00012
U00494,P00013
U00494,P00014
U00494,P00017
U00494,P00020
U00494,P00021
U00494,P00023
U00494,P00024
U00494,P00028
U00494,P00030
U00494,P00031
U00494,P00032
U00494,P00033
U00494,P00036
U00494,P00037
U00494,P00038
U00494,P00039
U00494,P00040
U00494,P00043
U00494,P00046
U00494,P00047
U00494,P00049
U00494,P00052
U00494,P00054
U00494,P00055
U00494,P00056
U00494,P00059
U00494,P00060
U00494,P00061
U00494,P00064
U00494,P00065
U00494,P00066
U00494,P00067
U00494,P00068
U00494,P00069
U00494,P00073
U00494,P00074
U00494,P00075
U00494,P00077
U00494,P00078
U00494,P00081
U00494,P00082
U00029,P00084
U00029,P00085
U00029,P00087
U00029,P00088
U00029,P00090
U00029,P00091
U00029,P00092
U00029,P00093
U00029,P00095
U00029,P00096
U00029,P00097
U00029,P00098
U00029,P00107
U00029,P00109
U00029,P00112
U00029,P00115
U00029,P00116
U00029,P00119
U00029,P00121
U00029,P00123
U00029,P00124
U00029,P00125
U00029,P00126
U00029,P00127
U00029,P00129
U00029,P00130
U00029,P00134
U00029,P00137
U00029,P00139
U00043,P00085
U00043,P00088
U00043,P00090
U00043,P00091
U00043,P00093
U00043,P00095
U00043,P00098
U00043,P00100
U00043,P00101
U00043,P00104
U00043,P00105
U00043,P00111
U00043,P00112
U00043,P00114
U00043,P00116
U00043,P00117
U00043,P00119
U00043,P00120
U00043,P00121
U00043,P00123
U00043,P00128
U00043,P00130
U00043,P00133
U00043,P00134
U00043,P00136
U00043,P00138
U00106,P00087
U00106,P00089
U00106,P00092
U00106,P00093
U00106,P00094
U00106,P00095
U00106,P00096
U00106,P00097
U00106,P00100
U00106,P00104
U00106,P00107
U00106,P00108
U00106,P00110
U00106,P00111
U00106,P00115
U00106,P00118
U00106,P00119
U00106,P00122
U00106,P00123
U00106,P00124
U00106,P00125
U00106,P00126
U00106,P00127
U00106,P00129
U00106,P00130
U00106,P00131
U00106,P00133
U00106,P00134
U00106,P00137
U00106,P00139
U00107,P00086
U00107,P00091
U00107,P00092
U00107,P00094
U00107,P00095
U00107,P00097
U00107,P00098
U00107,P00099
U00107,P00100
U00107,P00101
U00107,P00103
U00107,P00109
U00107,P00110
U00107,P00115
U00107,P00120
U00107,P00123
U00107,P00124
U00107,P00125
U00107,P00128
U00107,P00129
U00107,P00132
U00107,P00133
U00113,P00085
U00113,P00088
U00113,P00089
U00113,P00090
U00113,P00091
U00113,P00094
U00113,P00095
U00113,P00096
U00113,P00097
U00113,P00098
U00113,P00100
U00113,P00106
U00113,P00109
U00113,P00110
U00113,P00111
U00113,P00112
U00113,P00113
U00113,P00115
U00113,P00116
U00113,P00118
U00113,P00119
U00113,P00120
U00113,P00121
U00113,P00123
U00113,P00125
U00113,P00127
U00113,P00131
U00113,P00134
U00113,P00137
U00161,P00085
U00161,P00086
U00161,P00087
U00161,P00089
U00161,P00091
U00161,P00092
U00161,P00094
U00161,P00098
U00161,P00099
U00161,P00100
U00161,P00101
U00161,P00102
U00161,P00103
U00161,P00105
U00161,P00106
U00161,P00108
U00161,P00110
U00161,P00111
U00161,P00112
U00161,P00113
U00161,P00114
U00161,P00115
U00161,P00116
U00161,P00118
U00161,P00119
U00161,P00127
U00161,P00129
U00161,P00130
U00161,P00133
U00161,P00134
U00161,P00135
U00233,P00084
U00233,P00088
U00233,P00089
U00233,P00092
U00233,P00093
U00233,P00096
U00233,P00097
U00233,P00099
U00233,P00100
U00233,P00102
U00233,P00107
U00233,P00109
U00233,P00110
U00233,P00111
U00233,P00112
U00233,P00113
U00233,P00114
U00233,P00116
U00233,P00118
U00233,P00119
U00233,P00121
U00233,P00123
U00233,P00124
U00233,P00125
U00233,P00127
U00233,P00129
U00233,P00131
U00233,P00133
U00233,P00134
U00233,P00135
U00233,P00139
U00247,P00085
U00247,P00087
U00247,P00088
U00247,P00091
U00247,P00094
U00247,P00095
U00247,P00096
U00247,P00098
U00247,P00099
U00247,P00100
U00247,P00102
U00247,P00105
U00247,P00106
U00247,P00108
U00247,P00109
U00247,P00111
U00247,P00114
U00247,P00115
U00247,P00118
U00247,P00125
U00247,P00126
U00247,P00128
U00247,P00130
U00247,P00132
U00247,P00133
U00247,P00135
U00247,P00139
U00284,P00087
U00284,P00088
U00284,P00090
U00284,P00091
U00284,P00093
U00284,P00094
U00284,P00095
U00284,P00097
U00284,P00098
U00284,P00100
U00284,P00101
U00284,P00104
U00284,P00105
U00284,P00110
U00284,P00111
U00284,P00114
U00284,P00117
U00284,P00119
U00284,P00120
U00284,P00121
U00284,P00122
U00284,P00123
U00284,P00124
U00284,P00131
U00284,P00132
U00284,P00133
U00284,P00137
U00284,P00138
U00284,P00139
U00327,P00086
U00327,P00090
U00327,P00091
U00327,P00094
U00327,P00100
U00327,P00102
U00327,P00103
U00327,P00104
U00327,P00105
U00327,P00107
U00327,P00108
U00327,P00109
U00327,P00110
U00327,P00114
U00327,P00117
U00327,P00119
U00327,P00120
U00327,P00124
U00327,P00125
U00327,P00126
U00327,P00131
U00327,P00132
U00327,P00133
U00327,P00134
U00327,P00135
U00327,P00139
U00367,P00087
U00367,P00088
U00367,P00089
U00367,P00090
U00367,P00091
U00367,P00093
U00367,P00099
U00367,P00100
U00367,P00103
U00367,P00108
U00367,P00110
U00367,P00111
U00367,P00117
U00367,P00118
U00367,P00121
U00367,P00122
U00367,P00123
U00367,P00127
U00367,P00128
U00367,P00129
U00367,P00132
U00367,P00134
U00367,P00139
U00417,P00085
U00417,P00088
U00417,P00092
U00417,P00094
U00417,P00095
U00417,P00096
U00417,P00099
U00417,P00100
U00417,P00103
U00417,P00104
U00417,P00109
U00417,P00110
U00417,P00112
U00417,P00113
U00417,P00114
U00417,P00115
U00417,P00116
U00417,P00119
U00417,P00121
U00417,P00122
U00417,P00123
U00417,P00124
U00417,P00125
U00417,P00127
U00417,P00128
U00417,P00129
U00417,P00130
U00417,P00131
U00417,P00134
U00417,P00136
U00417,P00138
U00417,P00139
U00420,P00084
U00420,P00085
U00420,P00089
U00420,P00091
U00420,P00092
U00420,P00093
U00420,P00094
U00420,P00098
U00420,P00100
U00420,P00101
U00420,P00102
U00420,P00103
U00420,P00104
U00420,P00106
U00420,P00108
U00420,P00110
U00420,P00111
U00420,P00113
U00420,P00114
U00420,P00118
U00420,P00120
U00420,P00123
U00420,P00130
U00420,P00131
U00420,P00132
U00420,P00135
U00420,P00138
U00420,P00139
U00424,P00086
U00424,P00087
U00424,P00089
U00424,P00090
U00424,P00091
U00424,P00092
U00424,P00093
U00424,P00094
U00424,P00096
U00424,P00097
U00424,P00098
U00424,P00101
U00424,P00103
U00424,P00104
U00424,P00105
U00424,P00108
U00424,P00109
U00424,P00112
U00424,P00115
U00424,P00117
U00424,P00118
U00424,P00120
U00424,P00121
U00424,P00122
U00424,P00123
U00424,P00125
U00424,P00126
U00424,P00127
U00424,P00130
U00424,P00133
U00424,P00134
U00424,P00135
U00424,P00136
U00424,P00137
U00424,P00139
U00464,P00084
U00464,P00086
U00464,P00087
U00464,P00088
U00464,P00091
U00464,P00094
U00464,P00095
U00464,P00097
U00464,P00098
U00464,P00099
U00464,P00101
U00464,P00104
U00464,P00106
U00464,P00107
U00464,P00108
U00464,P00109
U00464,P00110
U00464,P00112
U00464,P00113
U00464,P00118
U00464,P00120
U00464,P00125
U00464,P00126
U00464,P00128
U00464,P00130
U00464,P00132
U00464,P00133
U00464,P00135
U00464,P00136
U00464,P00137
U00464,P00139
U00471,P00086
U00471,P00087
U00471,P00088
U00471,P00089
U00471,P00094
U00471,P00096
U00471,P00098
U00471,P00102
U00471,P00103
U00471,P00108
U00471,P00111
U00471,P00112
U00471,P00113
U00471,P00114
U00471,P00116
U00471,P00117
U00471,P00120
U00471,P00121
U00471,P00122
U00471,P00123
U00471,P00124
U00471,P00126
U00471,P00129
U00471,P00133
U00471,P00135
U00471,P00136
U00471,P00139
U00054,P00140
U00054,P00142
U00054,P00143
U00054,P00144
U00054,P00148
U00054,P00151
U00054,P00155
U00054,P00156
U00054,P00159
U00054,P00161
U00054,P00162
U00054,P00164
U00054,P00166
U00054,P00168
U00054,P00170
U00054,P00172
U00054,P00174
U00054,P00175
U00054,P00176
U00054,P00177
U00054,P00188
U00054,P00192
U00054,P00193
U00054,P00194
U00054,P00195
U00054,P00196
U00054,P00199
U00054,P00203
U00054,P00204
U00054,P00206
U00054,P00207
U00071,P00141
U00071,P00142
U00071,P00143
U00071,P00144
U00071,P00145
U00071,P00148
U00071,P00149
U00071,P00150
U00071,P00151
U00071,P00153
U00071,P00161
U00071,P00162
U00071,P00166
U00071,P00167
U00071,P00169
U00071,P00172
U00071,P00173
U00071,P00175
U00071,P00177
U00071,P00178
U00071,P00181
U00071,P00183
U00071,P00186
U00071,P00193
U00071,P00196
U00071,P00200
U00071,P00201
U00071,P00202
U00071,P00203
U00071,P00205
U00083,P00140
U00083,P00141
U00083,P00142
U00083,P00143
U00083,P00147
U00083,P00148
U00083,P00149
U00083,P00151
U00083,P00156
U00083,P00157
U00083,P00158
U00083,P00160
U00083,P00164
U00083,P00166
U00083,P00167
U00083,P00169
U00083,P00170
U00083,P00171
U00083,P00172
U00083,P00173
U00083,P00175
U00083,P00176
U00083,P00178
U00083,P00179
U00083,P00181
U00083,P00183
U00083,P00186
U00083,P00188
U00083,P00190
U00083,P00192
U00083,P00195
U00083,P00200
U00083,P00202
U00083,P00203
U00083,P00204
U00083,P00205
U00083,P00207
U00123,P00140
U00123,P00142
U00123,P00143
U00123,P00145
U00123,P00149
U00123,P00150
U00123,P00151
U00123,P00153
U00123,P00155
U00123,P00156
U00123,P00157
U00123,P00158
U00123,P00160
U00123,P00162
U00123,P00163
U00123,P00165
U00123,P00166
U00123,P00167
U00123,P00169
U00123,P00175
U00123,P00178
U00123,P00179
U00123,P00185
U00123,P00188
U00123,P00189
U00123,P00192
U00123,P00195
U00123,P00196
U00123,P00197
U00123,P00198
U00123,P00200
U00123,P00201
U00123,P00202
U00123,P00203
U00123,P00204
U00123,P00205
U00151,P00140
U00151,P00141
U00151,P00142
U00151,P00143
U00151,P00151
U00151,P00152
U00151,P00154
U00151,P00159
U00151,P00160
U00151,P00161
U00151,P00162
U00151,P00165
U00151,P00168
U00151,P00169
U00151,P00175
U00151,P00176
U00151,P00177
U00151,P00178
U00151,P00179
U00151,P00181
U00151,P00182
U00151,P00183
U00151,P00185
U00151,P00187
U00151,P00188
U00151,P00191
U00151,P00192
U00151,P00194
U00151,P00197
U00151,P00198
U00151,P00200
U00151,P00201
U00151,P00202
U00151,P00204
U00151,P00206
U00151,P00207
U00261,P00143
U00261,P00144
U00261,P00145
U00261,P00146
U00261,P00148
U00261,P00152
U00261,P00154
U00261,P00155
U00261,P00158
U00261,P00161
U00261,P00162
U00261,P00163
U00261,P00164
U00261,P00165
U00261,P00166
U00261,P00169
U00261,P00170
U00261,P00171
U00261,P00174
U00261,P00175
U00261,P00176
U00261,P00177
U00261,P00180
U00261,P00181
U00261,P00183
U00261,P00184
U00261,P00185
U00261,P00188
U00261,P00189
U00261,P00192
U00261,P00197
U00261,P00198
U00261,P00199
U00261,P00200
U00261,P00204
U00261,P00206
U00281,P00141
U00281,P00142
U00281,P00144
U00281,P00148
U00281,P00149
U00281,P00150
U00281,P00151
U00281,P00152
U00281,P00155
U00281,P00157
U00281,P00158
U00281,P00160
U00281,P00163
U00281,P00168
U00281,P00169
U00281,P00170
U00281,P00171
U00281,P00172
U00281,P00173
U00281,P00176
U00281,P00177
U00281,P00178
U00281,P00179
U00281,P00180
U00281,P00181
U00281,P00186
U00281,P00187
U00281,P00189
U00281,P00190
U00281,P00191
U00281,P00192
U00281,P00193
U00281,P00195
U00281,P00198
U00281,P00199
U00281,P00204
U00281,P00205
U00281,P00207
U00289,P00140
U00289,P00141
U00289,P00143
U00289,P00145
U00289,P00146
U00289,P00147
U00289,P00149
U00289,P00152
U00289,P00153
U00289,P00155
U00289,P00158
U00289,P00159
U00289,P00162
U00289,P00163
U00289,P00166
U00289,P00167
U00289,P00169
U00289,P00171
U00289,P00172
U00289,P00173
U00289,P00177
U00289,P00179
U00289,P00181
U00289,P00182
U00289,P00184
U00289,P00186
U00289,P00187
U00289,P00189
U00289,P00190
U00289,P00191
U00289,P00193
U00289,P00196
U00289,P00199
U00289,P00205
U00289,P00206
U00299,P00140
U00299,P00141
U00299,P00142
U00299,P00149
U00299,P00150
U00299,P00152
U00299,P00155
U00299,P00156
U00299,P00158
U00299,P00159
U00299,P00160
U00299,P00166
U00299,P00168
U00299,P00170
U00299,P00171
U00299,P00173
U00299,P00174
U00299,P00179
U00299,P00180
U00299,P00181
U00299,P00183
U00299,P00187
U00299,P00188
U00299,P00190
U00299,P00191
U00299,P00194
U00299,P00198
U00299,P00199
U00299,P00200
U00299,P00201
U00299,P00204
U00299,P00205
U00299,P00206
U00299,P00207
U00311,P00142
U00311,P00143
U00311,P00145
U00311,P00147
U00311,P00148
U00311,P00149
U00311,P00150
U00311,P00151
U00311,P00157
U00311,P00158
U00311,P00159
U00311,P00160
U00311,P00161
U00311,P00162
U00311,P00164
U00311,P00166
U00311,P00167
U00311,P00168
U00311,P00171
U00311,P00172
U00311,P00173
U00311,P00175
U00311,P00176
U00311,P00177
U00311,P00179
U00311,P00183
U00311,P00185
U00311,P00186
U00311,P00187
U00311,P00189
U00311,P00190
U00311,P00192
U00311,P00193
U00311,P00195
U00311,P00197
U00311,P00199
U00311,P00200
U00311,P00201
U00311,P00202
U00311,P00206
U00311,P00207
U00312,P00146
U00312,P00147
U00312,P00149
U00312,P00150
U00312,P00151
U00312,P00152
U00312,P00158
U00312,P00160
U00312,P00161
U00312,P00165
U00312,P00167
U00312,P00168
U00312,P00171
U00312,P00172
U00312,P00174
U00312,P00177
U00312,P00178
U00312,P00181
U00312,P00184
U00312,P00186
U00312,P00187
U00312,P00188
U00312,P00189
U00312,P00191
U00312,P00192
U00312,P00196
U00312,P00199
U00312,P00202
U00312,P00203
U00312,P00206
U00312,P00207
U00352,P00143
U00352,P00145
U00352,P00146
U00352,P00148
U00352,P00149
U00352,P00152
U00352,P00153
U00352,P00155
U00352,P00156
U00352,P00157
U00352,P00158
U00352,P00159
U00352,P00161
U00352,P00164
U00352,P00167
U00352,P00169
U00352,P00171
U00352,P00172
U00352,P00175
U00352,P00176
U00352,P00181
U00352,P00187
U00352,P00189
U00352,P00191
U00352,P00192
U00352,P00193
U00352,P00194
U00352,P00196
U00352,P00197
U00352,P00198
U00352,P00199
U00352,P00201
U00352,P00203
U00352,P00207
U00375,P00141
U00375,P00143
U00375,P00144
U00375,P00145
U00375,P00147
U00375,P00149
U00375,P00150
U00375,P00153
U00375,P00154
U00375,P00155
U00375,P00156
U00375,P00158
U00375,P00160
U00375,P00164
U00375,P00165
U00375,P00167
U00375,P00168
U00375,P00170
U00375,P00171
U00375,P00173
U00375,P00174
U00375,P00176
U00375,P00178
U00375,P00179
U00375,P00180
U00375,P00181
U00375,P00182
U00375,P00183
U00375,P00184
U00375,P00187
U00375,P00189
U00375,P00190
U00375,P00192
U00375,P00195
U00375,P00198
U00375,P00200
U00375,P00201
U00375,P00202
U00375,P00203
U00375,P00206
U00391,P00140
U00391,P00141
U00391,P00142
U00391,P00143
U00391,P00144
U00391,P00145
U00391,P00149
U00391,P00150
U00391,P00151
U00391,P00155
U00391,P00165
U00391,P00171
U00391,P00172
U00391,P00173
U00391,P00177
U00391,P00179
U00391,P00183
U00391,P00184
U00391,P00186
U00391,P00188
U00391,P00189
U00391,P00190
U00391,P00191
U00391,P00192
U00391,P00194
U00391,P00195
U00391,P00199
U00391,P00202
U00391,P00204
U00391,P00205
U00391,P00206
U00430,P00144
U00430,P00145
U00430,P00146
U00430,P00147
U00430,P00148
U00430,P00149
U00430,P00150
U00430,P00152
U00430,P00153
U00430,P00154
U00430,P00156
U00430,P00158
U00430,P00159
U00430,P00162
U00430,P00163
U00430,P00164
U00430,P00165
U00430,P00166
U00430,P00168
U00430,P00169
U00430,P00172
U00430,P00174
U00430,P00175
U00430,P00178
U00430,P00179
U00430,P00182
U00430,P00183
U00430,P00184
U00430,P00185
U00430,P00186
U00430,P00188
U00430,P00190
U00430,P00193
U00430,P00195
U00430,P00197
U00430,P00199
U00430,P00200
U00430,P00202
U00430,P00204
U00430,P00205
U00430,P00206
U00435,P00140
U00435,P00141
U00435,P00144
U00435,P00148
U00435,P00149
U00435,P00150
U00435,P00151
U00435,P00156
U00435,P00158
U00435,P00159
U00435,P00160
U00435,P00161
U00435,P00164
U00435,P00165
U00435,P00167
U00435,P00169
U00435,P00172
U00435,P00173
U00435,P00176
U00435,P00177
U00435,P00179
U00435,P00181
U00435,P00182
U00435,P00186
U00435,P00189
U00435,P00190
U00435,P00192
U00435,P00194
U00435,P00197
U00435,P00200
U00435,P00201
U00435,P00202
U00435,P00204
U00435,P00205
U00435,P00206
U00435,P00207
U00461,P00141
U00461,P00142
U00461,P00143
U00461,P00145
U00461,P00152
U00461,P00153
U00461,P00157
U00461,P00159
U00461,P00160
U00461,P00161
U00461,P00162
U00461,P00163
U00461,P00164
U00461,P00166
U00461,P00167
U00461,P00169
U00461,P00170
U00461,P00174
U00461,P00175
U00461,P00178
U00461,P00179
U00461,P00182
U00461,P00184
U00461,P00186
U00461,P00190
U00461,P00192
U00461,P00193
U00461,P00196
U00461,P00197
U00461,P00198
U00461,P00199
U00461,P00201
U00461,P00203
U00461,P00204
U00461,P00206
U00472,P00141
U00472,P00144
U00472,P00146
U00472,P00147
U00472,P00149
U00472,P00151
U00472,P00155
U00472,P00156
U00472,P00159
U00472,P00160
U00472,P00161
U00472,P00166
U00472,P00170
U00472,P00173
U00472,P00177
U00472,P00178
U00472,P00180
U00472,P00181
U00472,P00183
U00472,P00187
U00472,P00188
U00472,P00189
U00472,P00194
U00472,P00197
U00472,P00198
U00472,P00200
U00472,P00202
U00472,P00204
U00472,P00207
U00490,P00140
U00490,P00143
U00490,P00144
U00490,P00145
U00490,P00146
U00490,P00148
U00490,P00150
U00490,P00151
U00490,P00153
U00490,P00154
U00490,P00157
U00490,P00158
U00490,P00160
U00490,P00162
U00490,P00163
U00490,P00169
U00490,P00170
U00490,P00174
U00490,P00179
U00490,P00182
U00490,P00184
U00490,P00185
U00490,P00187
U00490,P00190
U00490,P00191
U00490,P00193
U00490,P00194
U00490,P00197
U00490,P00202
U00490,P00205
U00498,P00143
U00498,P00145
U00498,P00148
U00498,P00149
U00498,P00151
U00498,P00161
U00498,P00163
U00498,P00165
U00498,P00170
U00498,P00172
U00498,P00174
U00498,P00175
U00498,P00176
U00498,P00177
U00498,P00179
U00498,P00181
U00498,P00184
U00498,P00185
U00498,P00186
U00498,P00190
U00498,P00194
U00498,P00196
U00498,P00199
U00498,P00200
U00498,P00201
U00498,P00202
U00498,P00203
U00498,P00205
U00004,P00210
U00004,P00211
U00004,P00218
U00004,P00220
U00004,P00221
U00004,P00224
U00004,P00225
U00004,P00228
U00004,P00230
U00004,P00234
U00004,P00236
U00004,P00238
U00004,P00239
U00004,P00242
U00004,P00243
U00004,P00246
U00004,P00247
U00004,P00249
U00004,P00250
U00004,P00251
U00004,P00252
U00004,P00255
U00004,P00258
U00015,P00215
U00015,P00216
U00015,P00219
U00015,P00220
U00015,P00222
U00015,P00225
U00015,P00227
U00015,P00231
U00015,P00232
U00015,P00240
U00015,P00242
U00015,P00244
U00015,P00245
U00015,P00247
U00015,P00250
U00015,P00251
U00015,P00253
U00015,P00255
U00025,P00208
U00025,P00212
U00025,P00213
U00025,P00216
U00025,P00220
U00025,P00223
U00025,P00224
U00025,P00227
U00025,P00228
U00025,P00234
U00025,P00237
U00025,P00238
U00025,P00240
U00025,P00241
U00025,P00242
U00025,P00246
U00025,P00247
U00025,P00249
U00025,P00250
U00025,P00251
U00025,P00252
U00025,P00255
U00025,P00256
U00025,P00257
U00025,P00258
U00074,P00208
U00074,P00211
U00074,P00214
U00074,P00215
U00074,P00216
U00074,P00219
U00074,P00220
U00074,P00221
U00074,P00226
U00074,P00228
U00074,P00229
U00074,P00230
U00074,P00238
U00074,P00239
U00074,P00241
U00074,P00242
U00074,P00247
U00074,P00248
U00074,P00249
U00074,P00250
U00074,P00253
U00074,P00260
U00090,P00208
U00090,P00209
U00090,P00211
U00090,P00212
U00090,P00213
U00090,P00215
U00090,P00216
U00090,P00217
U00090,P00224
U00090,P00227
U00090,P00231
U00090,P00233
U00090,P00234
U00090,P00235
U00090,P00236
U00090,P00238
U00090,P00239
U00090,P00240
U00090,P00241
U00090,P00242
U00090,P00245
U00090,P00251
U00090,P00253
U00090,P00260
U00226,P00208
U00226,P00209
U00226,P00211
U00226,P00216
U00226,P00217
U00226,P00220
U00226,P00224
U00226,P00225
U00226,P00226
U00226,P00228
U00226,P00230
U00226,P00233
U00226,P00234
U00226,P00240
U00226,P00242
U00226,P00243
U00226,P00244
U00226,P00247
U00226,P00251
U00226,P00254
U00226,P00256
U00226,P00257
U00226,P00258
U00248,P00208
U00248,P00211
U00248,P00213
U00248,P00215
U00248,P00217
U00248,P00219
U00248,P00220
U00248,P00221
U00248,P00223
U00248,P00226
U00248,P00228
U00248,P00230
U00248,P00231
U00248,P00236
U00248,P00237
U00248,P00239
U00248,P00240
U00248,P00241
U00248,P00243
U00248,P00246
U00248,P00248
U00248,P00249
U00248,P00251
U00248,P00254
U00248,P00255
U00248,P00256
U00248,P00259
U00272,P00209
U00272,P00210
U00272,P00212
U00272,P00213
U00272,P00215
U00272,P00216
U00272,P00217
U00272,P00219
U00272,P00221
U00272,P00222
U00272,P00225
U00272,P00227
U00272,P00229
U00272,P00232
U00272,P00234
U00272,P00235
U00272,P00236
U00272,P00237
U00272,P00238
U00272,P00242
U00272,P00243
U00272,P00246
U00272,P00251
U00272,P00253
U00272,P00257
U00272,P00259
U00274,P00208
U00274,P00210
U00274,P00211
U00274,P00213
U00274,P00217
U00274,P00218
U00274,P00220
U00274,P00221
U00274,P00224
U00274,P00225
U00274,P00227
U00274,P00229
U00274,P00230
U00274,P00232
U00274,P00233
U00274,P00234
U00274,P00235
U00274,P00236
U00274,P00238
U00274,P00239
U00274,P00240
U00274,P00241
U00274,P00248
U00274,P00250
U00274,P00251
U00274,P00252
U00274,P00254
U00274,P00258
U00274,P00259
U00331,P00208
U00331,P00209
U00331,P00211
U00331,P00212
U00331,P00214
U00331,P00216
U00331,P00219
U00331,P00220
U00331,P00222
U00331,P00223
U00331,P00224
U00331,P00226
U00331,P00228
U00331,P00235
U00331,P00236
U00331,P00238
U00331,P00240
U00331,P00242
U00331,P00243
U00331,P00244
U00331,P00246
U00331,P00250
U00331,P00252
U00331,P00253
U00331,P00256
U00331,P00257
U00331,P00260
U00359,P00209
U00359,P00215
U00359,P00216
U00359,P00218
U00359,P00219
U00359,P00220
U00359,P00221
U00359,P00222
U00359,P00227
U00359,P00235
U00359,P00236
U00359,P00237
U00359,P00238
U00359,P00239
U00359,P00244
U00359,P00247
U00359,P00250
U00359,P00252
U00359,P00253
U00359,P00255
U00359,P00256
U00359,P00259
U00407,P00208
U00407,P00209
U00407,P00210
U00407,P00211
U00407,P00212
U00407,P00213
U00407,P00216
U00407,P00217
U00407,P00219
U00407,P00223
U00407,P00224
U00407,P00226
U00407,P00227
U00407,P00230
U00407,P00234
U00407,P00235
U00407,P00239
U00407,P00240
U00407,P00243
U00407,P00245
U00407,P00247
U00407,P00250
U00407,P00251
U00407,P00252
U00407,P00253
U00407,P00257
U00407,P00258
U00428,P00209
U00428,P00212
U00428,P00215
U00428,P00216
U00428,P00218
U00428,P00220
U00428,P00221
U00428,P00223
U00428,P00225
U00428,P00226
U00428,P00227
U00428,P00228
U00428,P00230
U00428,P00231
U00428,P00234
U00428,P00235
U00428,P00238
U00428,P00239
U00428,P00240
U00428,P00241
U00428,P00242
U00428,P00243
U00428,P00248
U00428,P00249
U00428,P00250
U00428,P00252
U00428,P00257
U00428,P00258
U00466,P00211
U00466,P00213
U00466,P00214
U00466,P00215
U00466,P00219
U00466,P00222
U00466,P00224
U00466,P00227
U00466,P00230
U00466,P00231
U00466,P00233
U00466,P00235
U00466,P00236
U00466,P00238
U00466,P00240
U00466,P00242
U00466,P00243
U00466,P00244
U00466,P00245
U00466,P00249
U00466,P00251
U00466,P00252
U00466,P00254
U00466,P00255
U00466,P00256
U00466,P00257
U00466,P00260
U00478,P00208
U00478,P00211
U00478,P00213
U00478,P00214
U00478,P00215
U00478,P00216
U00478,P00217
U00478,P00218
U00478,P00219
U00478,P00220
U00478,P00223
U00478,P00224
U00478,P00226
U00478,P00228
U00478,P00230
U00478,P00232
U00478,P00233
U00478,P00234
U00478,P00235
U00478,P00236
U00478,P00239
U00478,P00240
U00478,P00241
U00478,P00242
U00478,P00245
U00478,P00246
U00478,P00247
U00478,P00248
U00478,P00252
U00478,P00254
U00478,P00255
U00478,P00256
U00478,P00257
U00478,P00258
U00478,P00259
