user_id,username,name,followers_count,following_count,account_age_days,description,created_at,profile_pic,verified,is_fake
U00000,johnsonjoshua,Noah Rhodes,312,365,162,Artist | SF | London | Creating beauty daily,2026-03-08 14:56:32,1,0,0
U00001,garzaanthony,David Guzman,392,780,2831,Artist | 🎵 | sports | Creating beauty daily,2018-11-16 14:56:32,1,0,0
U00002,jennifermiles,Jerry Ramirez,13,1283,9,fitness🎵Web3,2026-08-08 14:56:32,0,0,1
U00003,blakeerik,Donald Lewis,675,254,86,Travel blogger | 🔥 | Python | Living my best life,2026-05-23 14:56:32,1,0,0
U00004,curtis61,Gregory Baker,16,1042,2,Official giveaway account JavaScript,2026-08-15 14:56:32,1,0,1
U00005,blairamanda,Jamie Arnold,213,0,237,Artist | 💯 | 🎵 | Creating beauty daily,2025-12-23 14:56:32,1,0,0
U00006,barbara10,Patricia Galloway,11,259,382,Music lover | Berlin fan | React | Just vibes,2025-07-31 14:56:32,1,0,0
U00007,michellejames,Roy Martin,32,478,247,Teacher | NYC | Berlin | Education matters,2025-12-13 14:56:32,1,0,0
U00008,jason41,Carolyn Daniel,38,46,473,Photographer | SF | 💯 | DM for collabs,2025-05-01 14:56:32,1,0,0
U00009,stevennelson,Melissa Robinson,1337,343,1576,"Writer, reader, yoga lover | Based in SF",2022-04-24 14:56:32,1,0,0
U00010,megan03,Renee Morales,164,43,352,Fitness | books | 🎵 | Healthy living advocate,2025-08-30 14:56:32,1,0,0
U00011,clarksherri,Emily Rios,71,1236,13,Click link below for FREE NYC !!!,2026-08-04 14:56:32,1,0,1
U00012,pwilkerson,Derek Wright,68,249,289,music professional | Toronto | Views are my own,2025-11-01 14:56:32,1,0,0
U00013,julie69,Daniel Bright,8,1484,30,,2026-07-18 14:56:32,0,0,1
U00014,ddavis,Brittany Moore,60,863,1680,Teacher | 💯 | art | Education matters,2022-01-10 14:56:32,1,0,0
U00015,ycarlson,Zachary Rice,10,1039,10,Follow me I follow back Data Science,2026-08-07 14:56:32,0,0,1
U00016,frazierdanny,Nicole Mack,147,342,626,Music lover | 🚀 fan | sports | Just vibes,2024-11-29 14:56:32,1,0,0
U00017,daniel62,Troy Liu,266,83,686,Teacher | books | 🔥 | Education matters,2024-09-30 14:56:32,1,0,0
U00018,teresa28,Sheila Evans,763,1094,2500,📸 developer | Open source contributor | Tokyo,2019-10-13 14:56:32,1,0,0
U00019,ericfarmer,Paula Moreno,889,454,107,Teacher | coding | 🎵 | Education matters,2026-05-02 14:56:32,1,0,0
U00020,georgetracy,Jack Galloway,557,147,1453,"Mom/Dad of Berlin, coffee lover, 🔥 enthusiast",2022-08-25 14:56:32,1,0,0
U00021,john39,Angelica Tucker,25,725,24,Click link below for FREE movies !!!,2026-07-24 14:56:32,1,0,1
U00022,spenceamanda,Matthew Arroyo,141,795,21,Click link below for FREE 👨‍💻 !!!,2026-07-27 14:56:32,1,0,1
U00023,josephbrennan,Daniel Ryan,62,935,10,,2026-08-07 14:56:32,0,0,1
U00024,jenniferross,Jacqueline Lam,12,1374,30,Official giveaway account Paris,2026-07-18 14:56:32,0,0,1
U00025,omartinez,Alex Spencer,104,1466,2,DM me for exclusive deals! 🎵 design,2026-08-15 14:56:32,0,0,1
U00026,adrianzimmerman,Austin Johnson,42,322,2311,Travel blogger | Tokyo | 📸 | Living my best life,2020-04-19 14:56:32,1,0,0
U00027,chad34,Cindy Anderson,243,643,927,Music lover | fitness fan | Paris | Just vibes,2024-02-02 14:56:32,1,0,0
U00028,esanchez,Cheryl Davis,72,353,1589,📸 developer | Open source contributor | ✨,2022-04-11 14:56:32,1,0,0
U00029,agomez,Nicholas Nunez,29,1553,10,Follow for follow! NYC AI travel,2026-08-07 14:56:32,1,0,1
U00030,brownjessica,Ashley Lee,81,930,3,Follow for follow! travel 👨‍💻 London,2026-08-14 14:56:32,0,0,1
U00031,ltaylor,David Leblanc,133,650,2268,Travel blogger | 🎯 | London | Living my best life,2020-06-01 14:56:32,1,0,0
U00032,jmorton,Matthew Fernandez,255,238,839,"Mom/Dad of gaming, coffee lover, 🔥 enthusiast",2024-04-30 14:56:32,1,0,0
U00033,novaksara,Carol Tucker,255,784,281,Teacher | gaming | food | Education matters,2025-11-09 14:56:32,1,0,0
U00034,michellebarrera,Aaron Myers,140,791,507,fitness professional | 🎵 | Views are my own,2025-03-28 14:56:32,1,0,0
U00035,smitchell,Whitney Peters,2,605,1200,London developer | Open source contributor | travel,2023-05-05 14:56:32,1,0,0
U00036,smoore,Anthony Fitzgerald,169,325,2314,"Mom/Dad of food, coffee lover, 🎵 enthusiast",2020-04-16 14:56:32,1,0,0
U00037,adkinsbrian,Kathryn Farrell,170,0,1028,Travel blogger | Web3 | 🚀 | Living my best life,2023-10-24 14:56:32,1,0,0
U00038,brianromero,Andrea Jones,106,489,300,Travel blogger | ML | AI | Living my best life,2025-10-21 14:56:32,1,0,0
U00039,richarddavid,Lauren Williams,1362,270,1923,Student at 🔥 University | 🚀 | art,2021-05-12 14:56:32,1,0,0
U00040,barnesbrandy,Taylor Harris,20,1136,2,,2026-08-15 14:56:32,0,0,1
U00041,john62,Elizabeth Stewart,78,525,265,Fitness | 🎯 | 👨‍💻 | Healthy living advocate,2025-11-25 14:56:32,1,0,0
U00042,smithchristine,Ariel Medina,843,464,292,Music lover | sports fan | movies | Just vibes,2025-10-29 14:56:32,1,0,0
U00043,david51,Jaclyn Moore,16,1294,10,musicsportsWeb3,2026-08-07 14:56:32,1,0,1
U00044,cheryl80,Kristen Huynh,171,642,1355,Student at yoga University | Toronto | London,2022-12-01 14:56:32,1,0,0
U00045,mcmillandennis,Brian Tran,131,1107,1,Click link below for FREE 💯 !!!,2026-08-16 14:56:32,1,0,1
U00046,juan35,Mark Baker,407,335,469,"Mom/Dad of 🎵, coffee lover, yoga enthusiast",2025-05-05 14:56:32,1,0,0
U00047,dking,Jeff Hill,44,1089,12,DM me for exclusive deals! React Berlin,2026-08-05 14:56:32,0,0,1
U00048,cookdavid,Candice Ramos,231,465,2941,Student at 📸 University | AI | Paris,2018-07-29 14:56:32,1,0,0
U00049,hhoffman,Stephen Mckee,0,403,9,,2026-08-08 14:56:32,0,0,1
U00050,davenportbrandi,Cameron Parker,249,301,922,Artist | Python | yoga | Creating beauty daily,2024-02-07 14:56:32,1,0,0
U00051,nolanjason,Brian Deleon,96,513,2130,Tokyo developer | Open source contributor | food,2020-10-17 14:56:32,1,0,0
U00052,vdickson,Timothy Hancock,115,453,1193,Software engineer passionate about AI and Python,2023-05-12 14:56:32,1,0,0
U00053,nicolejohnson,Evelyn Galvan,7,164,1132,Travel blogger | ✨ | 🔥 | Living my best life,2023-07-12 14:56:32,1,0,0
U00054,josephcobb,Shane Garrison,285,1621,10,,2026-08-07 14:56:32,1,0,1
U00055,jamessellers,Robert Savage,8,393,231,Student at React University | music | JavaScript,2025-12-29 14:56:32,1,0,0
U00056,andrewlee,Sean Rasmussen,26,1230,4,Official giveaway account Web3,2026-08-13 14:56:32,1,0,1
U00057,michael86,Sarah Rivera,77,235,1029,Travel blogger | movies | Web3 | Living my best life,2023-10-23 14:56:32,1,1,0
U00058,wilsontara,Victor Baker,149,519,1420,Photographer | London | SF | DM for collabs,2022-09-27 14:56:32,1,0,0
U00059,carlsonmichael,Jessica Joyce,100,256,1626,Software engineer passionate about 🎯 and NYC,2022-03-05 14:56:32,1,0,0
U00060,cruzbarbara,Michael Smith,78,484,1492,Student at NYC University | tech | fitness,2022-07-17 14:56:32,1,0,0
U00061,michaeljones,Erin Edwards,146,591,344,Student at JavaScript University | 👨‍💻 | Data Science,2025-09-07 14:56:32,1,0,0
U00062,cortezkevin,Jason Powell,26,206,1416,Software engineer passionate about coding and Tokyo,2022-10-01 14:56:32,1,0,0
U00063,angela36,Jamie Adkins,473,199,1147,Software engineer passionate about gaming and 🔥,2023-06-27 14:56:32,1,0,0
U00064,christinaturner,April Mitchell,1183,751,1847,Fitness | 👨‍💻 | coding | Healthy living advocate,2021-07-27 14:56:32,1,0,0
U00065,mfloyd,Julie Ramos,1198,179,1103,Software engineer passionate about 🔥 and AI,2023-08-10 14:56:32,1,0,0
U00066,williamleon,Nancy Hopkins,166,276,2873,Artist | fitness | React | Creating beauty daily,2018-10-05 14:56:32,1,0,0
U00067,zachary95,Trevor Young,592,826,1412,Fitness | Toronto | coding | Healthy living advocate,2022-10-05 14:56:32,1,0,0
U00068,jeffrey32,David Alvarez,550,402,1326,Teacher | Web3 | Toronto | Education matters,2022-12-30 14:56:32,1,0,0
U00069,gibsonolivia,Michelle Cruz,85,562,581,Web3 professional | ML | Views are my own,2025-01-13 14:56:32,1,0,0
U00070,psanchez,Stephanie Dalton,23,534,2581,Fitness | Paris | Data Science | Healthy living advocate,2019-07-24 14:56:32,1,0,0
U00071,osbornejeffery,Melissa Marshall,39,925,8,✨yoga👨‍💻,2026-08-09 14:56:32,1,0,1
U00072,samanthamartinez,John Schmidt,45,319,755,Teacher | sports | Berlin | Education matters,2024-07-23 14:56:32,1,0,0
U00073,stephanie79,Stephanie Simmons,502,92,1432,"Mom/Dad of London, coffee lover, Paris enthusiast",2022-09-15 14:56:32,1,0,0
U00074,vmerritt,Joanna Walton,135,1609,10,Follow for follow! travel 💯 Web3,2026-08-07 14:56:32,1,0,1
U00075,katie87,Denise Jones,6692,318,2912,Photographer | 🚀 | Data Science | DM for collabs,2018-08-27 14:56:32,1,0,0
U00076,jimmy55,Angela Hernandez,108,39,82,"Mom/Dad of 🔥, coffee lover, NYC enthusiast",2026-05-27 14:56:32,1,0,0
U00077,tbenson,Jason Rivera,885,724,2181,food developer | Open source contributor | London,2020-08-27 14:56:32,1,0,0
U00078,nperry,Jean Carrillo,181,939,5,Make money online Toronto ✨ easy cash,2026-08-12 14:56:32,1,0,1
U00079,gateskathy,Aaron Bell,216,486,2127,Photographer | ✨ | books | DM for collabs,2020-10-20 14:56:32,1,0,0
U00080,acastaneda,Morgan Marsh,53,458,1121,SF professional | 📸 | Views are my own,2023-07-23 14:56:32,1,0,0
U00081,tracynelson,Mr. Michael Yates,14,1267,15,DM me for exclusive deals! London SF,2026-08-02 14:56:32,0,0,1
U00082,marycalhoun,Ms. Susan Vargas,529,443,390,Travel blogger | art | NYC | Living my best life,2025-07-23 14:56:32,1,0,0
U00083,millerroy,Catherine Green,94,834,9,DM me for exclusive deals! 💯 Web3,2026-08-08 14:56:32,0,0,1
U00084,jason55,Jamie Walton,24,564,1655,Fitness | tech | ML | Healthy living advocate,2022-02-04 14:56:32,1,0,0
U00085,fking,Paul Williams,34,596,1283,Photographer | Web3 | 🎵 | DM for collabs,2023-02-11 14:56:32,1,0,0
U00086,jeffrey10,Tiffany Gonzalez,843,194,2530,🚀 professional | NYC | Views are my own,2019-09-13 14:56:32,1,0,0
U00087,howelljohn,Brian Gould,629,503,1652,"Writer, reader, Data Science lover | Based in books",2022-02-07 14:56:32,1,0,0
U00088,xlyons,Larry Stuart,509,874,2608,Music lover | tech fan | Data Science | Just vibes,2019-06-27 14:56:32,1,0,0
U00089,stricklandfrank,Kenneth Hickman,102,211,403,Teacher | 🔥 | design | Education matters,2025-07-10 14:56:32,1,0,0
U00090,tsanders,Kevin Rivas,24,1463,6,Crypto trader | Python | 10x returns guaranteed,2026-08-11 14:56:32,1,0,1
U00091,curtisbarton,Lindsay Martinez,103,702,1786,Student at sports University | 🎯 | tech,2021-09-26 14:56:32,1,0,0
U00092,reedross,Jonathan Peterson,55,1361,12,musictechLondon,2026-08-05 14:56:32,0,0,1
U00093,gshort,Jack Snow,68,778,10,yoga💯Tokyo,2026-08-07 14:56:32,1,0,1
U00094,bzimmerman,Joseph Santos,102,1189,20,DM me for exclusive deals! books Paris,2026-07-28 14:56:32,0,0,1
U00095,umarshall,Erica Sanchez,26,1212,10,,2026-08-07 14:56:32,1,0,1
U00096,ramirezshannon,Laura Barnett,120,368,2988,travel professional | London | Views are my own,2018-06-12 14:56:32,1,0,0
U00097,anthony52,Mr. David Ramirez,450,286,2862,Fitness | coding | music | Healthy living advocate,2018-10-16 14:56:32,1,0,0
U00098,angela83,Nathan Freeman,476,661,1577,"Mom/Dad of 👨‍💻, coffee lover, Python enthusiast",2022-04-23 14:56:32,1,1,0
U00099,hannahbrewer,Ricky Davis II,88,168,2067,"Mom/Dad of 🔥, coffee lover, React enthusiast",2020-12-19 14:56:32,1,0,0
U00100,kevinperkins,Joseph Coleman,68,577,2957,Travel blogger | 🔥 | movies | Living my best life,2018-07-13 14:56:32,1,0,0
U00101,michael74,David Griffith,170,557,1166,Fitness | 🎵 | 🎯 | Healthy living advocate,2023-06-08 14:56:32,1,0,0
U00102,david82,Parker Hill,2088,457,2486,Student at Toronto University | London | sports,2019-10-27 14:56:32,1,0,0
U00103,tina34,Christopher Smith,44,664,1963,Fitness | ML | Python | Healthy living advocate,2021-04-02 14:56:32,1,1,0
U00104,joshuamccann,Melissa Martinez,160,618,804,yoga developer | Open source contributor | JavaScript,2024-06-04 14:56:32,1,0,0
U00105,agarcia,Julie Alexander,734,160,2501,Artist | SF | AI | Creating beauty daily,2019-10-12 14:56:32,1,0,0
U00106,tammyking,Ashley Jones,27,1614,8,Crypto trader | 🚀 | 10x returns guaranteed,2026-08-09 14:56:32,1,0,1
U00107,ojones,Brittany Shepherd,132,1291,5,React🎯📸,2026-08-12 14:56:32,0,0,1
U00108,christopher31,Jennifer Carlson,218,405,2314,"Writer, reader, JavaScript lover | Based in 💯",2020-04-16 14:56:32,1,0,0
U00109,kimberlyjames,Elizabeth Chapman,548,759,554,Artist | fitness | Toronto | Creating beauty daily,2025-02-09 14:56:32,1,0,0
U00110,ntorres,Tyler Garcia,150,732,2886,Travel blogger | fitness | yoga | Living my best life,2018-09-22 14:56:32,1,0,0
U00111,colleenbaker,David Arnold,653,458,2474,Music lover | Berlin fan | gaming | Just vibes,2019-11-08 14:56:32,1,0,0
U00112,aaronhayes,Doris Hall,193,111,1538,Travel blogger | Paris | AI | Living my best life,2022-06-01 14:56:32,1,0,0
U00113,jacqueline71,Tammy French,7,749,8,Follow for follow! gaming AI Berlin,2026-08-09 14:56:32,1,0,1
U00114,ronaldstephens,Susan Serrano,71,420,815,Software engineer passionate about Tokyo and 🎯,2024-05-24 14:56:32,1,0,0
U00115,brownlaura,Samantha Morse,50,663,3,DM me for exclusive deals! art Paris,2026-08-14 14:56:32,0,0,1
U00116,smartinez,James Nelson,71,1307,18,Crypto trader | NYC | 10x returns guaranteed,2026-07-30 14:56:32,1,0,1
U00117,mkim,Jeffrey Morris,73,672,1873,Student at 🔥 University | Paris | food,2021-07-01 14:56:32,1,0,0
U00118,anthony39,Alicia Hubbard,163,130,911,Teacher | yoga | Tokyo | Education matters,2024-02-18 14:56:32,1,0,0
U00119,barbara27,Jessica Ramirez,117,1364,7,Follow me I follow back ✨,2026-08-10 14:56:32,1,0,1
U00120,fwalters,Julie Ortiz,22,997,193,Berlin professional | 💯 | Views are my own,2026-02-05 14:56:32,1,0,0
U00121,elizabeth25,Jon Bates,81,1753,9,,2026-08-08 14:56:32,1,0,1
U00122,jcervantes,Brandon King,7,446,2290,art professional | SF | Views are my own,2020-05-10 14:56:32,1,0,0
U00123,cordovarichard,Virginia Sandoval,126,1066,8,Click link below for FREE coding !!!,2026-08-09 14:56:32,1,0,1
U00124,mgutierrez,Lisa Jimenez,12,207,1708,Student at 👨‍💻 University | 🎵 | 🚀,2021-12-13 14:56:32,1,0,0
U00125,nwolf,Carlos Roberts,1793,316,1829,Artist | Toronto | Tokyo | Creating beauty daily,2021-08-14 14:56:32,1,1,0
U00126,omartinez,Cynthia Moore,23,1104,5,,2026-08-12 14:56:32,1,0,1
U00127,tranchristopher,Susan Murray MD,2096,501,777,📸 developer | Open source contributor | ✨,2024-07-01 14:56:32,1,0,0
U00128,tyronemoran,Denise Davenport,86,1313,19,Crypto trader | 🚀 | 10x returns guaranteed,2026-07-29 14:56:32,1,0,1
U00129,jsanchez,Connor Greene,1766,68,1732,"Writer, reader, Toronto lover | Based in gaming",2021-11-19 14:56:32,1,0,0
U00130,michellehill,Jennifer Villa,2358,217,2901,Berlin developer | Open source contributor | Data Science,2018-09-07 14:56:32,1,0,0
U00131,lori44,Lauren Keller,21,340,1922,"Mom/Dad of Toronto, coffee lover, Tokyo enthusiast",2021-05-13 14:56:32,1,0,0
U00132,seanwashington,Phillip Bennett,2460,395,1715,Music lover | AI fan | 🎵 | Just vibes,2021-12-06 14:56:32,1,0,0
U00133,molly39,Scott Jenkins,51,920,17,Official giveaway account 🚀,2026-07-31 14:56:32,1,0,1
U00134,julie66,Rebecca Pearson MD,101,88,893,Student at design University | Berlin | ✨,2024-03-07 14:56:32,1,0,0
U00135,martineztammy,Brian Kirk,1717,42,178,Teacher | London | books | Education matters,2026-02-20 14:56:32,1,0,0
U00136,foxstephen,Jennifer Pena,80,1161,8,DM me for exclusive deals! coding art,2026-08-09 14:56:32,1,0,1
U00137,charlesharrington,Marcus Sanders,73,414,2144,Artist | SF | Web3 | Creating beauty daily,2020-10-03 14:56:32,1,0,0
U00138,christianmelissa,Jamie Stewart,5024,501,1058,art developer | Open source contributor | ML,2023-09-24 14:56:32,1,0,0
U00139,cbrennan,Cynthia Cohen,580,349,619,"Mom/Dad of SF, coffee lover, Web3 enthusiast",2024-12-06 14:56:32,1,0,0
U00140,wendy16,Paige Padilla,162,561,1154,Software engineer passionate about Berlin and Paris,2023-06-20 14:56:32,1,0,0
U00141,wallaceheather,Amber Flynn,179,0,2763,art developer | Open source contributor | ✨,2019-01-23 14:56:32,1,0,0
U00142,michael62,Jason Maldonado,1013,246,2320,Music lover | ML fan | 💯 | Just vibes,2020-04-10 14:56:32,1,0,0
U00143,georgemiller,Lisa Allen,3522,571,2916,ML professional | NYC | Views are my own,2018-08-23 14:56:32,1,0,0
U00144,jesselittle,Michael Nolan,165,509,1363,Artist | 🎯 | ML | Creating beauty daily,2022-11-23 14:56:32,1,0,0
U00145,rsantana,Angela Landry,126,278,2730,Travel blogger | 🚀 | music | Living my best life,2019-02-25 14:56:32,1,0,0
U00146,danielle64,Eric Kidd,202,621,1419,"Mom/Dad of ✨, coffee lover, gaming enthusiast",2022-09-28 14:56:32,1,0,0
U00147,yrodriguez,Laura Haney,73,244,650,Photographer | art | travel | DM for collabs,2024-11-05 14:56:32,1,0,0
U00148,andrew64,Sean Osborne,87,638,1446,Fitness | Data Science | sports | Healthy living advocate,2022-09-01 14:56:32,1,0,0
U00149,lozanojulie,Stephanie Parsons,1311,490,2245,Photographer | Toronto | 🚀 | DM for collabs,2020-06-24 14:56:32,1,0,0
U00150,catherinegomez,Lisa Byrd,130,1374,3,BerlinNYCsports,2026-08-14 14:56:32,1,0,1
U00151,courtneyberger,Ellen Alexander,26,1365,1,DM me for exclusive deals! music Toronto,2026-08-16 14:56:32,1,0,1
U00152,jessica14,Jason Gonzalez,51,0,1595,Photographer | art | London | DM for collabs,2022-04-05 14:56:32,1,0,0
U00153,alyssa42,Roger Olson,23,232,797,Travel blogger | movies | sports | Living my best life,2024-06-11 14:56:32,1,0,0
U00154,julie51,Bernard Webster,848,788,2858,🚀 professional | art | Views are my own,2018-10-20 14:56:32,1,0,0
U00155,michelleramsey,Tracy Ballard,76,298,1942,Student at AI University | 💯 | Berlin,2021-04-23 14:56:32,1,0,0
U00156,christopher60,Caleb Richardson,186,1278,15,Official giveaway account Paris,2026-08-02 14:56:32,1,0,1
U00157,brenda51,Kaitlyn Harvey,1051,405,1084,Paris developer | Open source contributor | fitness,2023-08-29 14:56:32,1,0,0
U00158,rose31,Julie Haynes,412,322,496,ML professional | JavaScript | Views are my own,2025-04-08 14:56:32,1,0,0
U00159,cwilson,Elizabeth Vasquez,241,367,1269,Software engineer passionate about Data Science and SF,2023-02-25 14:56:32,1,1,0
U00160,youngamanda,Jacob Avery,171,548,260,Fitness | 🚀 | Berlin | Healthy living advocate,2025-11-30 14:56:32,1,0,0
U00161,umatthews,Jason Garcia,79,662,10,Official giveaway account Tokyo,2026-08-07 14:56:32,1,0,1
U00162,rgilbert,Jacob Ramos,75,701,2760,Teacher | design | gaming | Education matters,2019-01-26 14:56:32,1,0,0
U00163,melissagarcia,Kimberly Levine,24,592,1325,music developer | Open source contributor | React,2022-12-31 14:56:32,1,0,0
U00164,bruce43,Tiffany Holloway,124,1400,10,Official giveaway account movies,2026-08-07 14:56:32,0,0,1
U00165,batesdarlene,Alison Buchanan,145,175,1558,Music lover | 👨‍💻 fan | SF | Just vibes,2022-05-12 14:56:32,1,0,0
U00166,vanessabuchanan,Ronald Spencer,166,230,2033,Student at Python University | coding | 💯,2021-01-22 14:56:32,1,0,0
U00167,lisahall,Rachel Carlson,46,1107,8,Crypto trader | React | 10x returns guaranteed,2026-08-09 14:56:32,0,0,1
U00168,michele22,Rebecca Rodriguez,495,553,1143,Music lover | coding fan | 💯 | Just vibes,2023-07-01 14:56:32,1,0,0
U00169,andersonmichael,Leah Smith,1137,291,1133,Fitness | ML | React | Healthy living advocate,2023-07-11 14:56:32,1,0,0
U00170,brian68,Arthur West,138,1261,1,,2026-08-16 14:56:32,1,0,1
U00171,william17,Theresa Williams,73,458,966,Teacher | travel | 💯 | Education matters,2023-12-25 14:56:32,1,0,0
U00172,stephen00,Dr. Jessica Rodriguez DDS,16,48,1732,"Mom/Dad of design, coffee lover, music enthusiast",2021-11-19 14:56:32,1,0,0
U00173,fjones,Charles Martinez,50,346,2077,"Mom/Dad of gaming, coffee lover, London enthusiast",2020-12-09 14:56:32,1,0,0
U00174,oscar98,Jonathan Jordan,120,588,15,Official giveaway account 🎵,2026-08-02 14:56:32,1,0,1
U00175,farrelldebra,Michelle Lewis,1564,324,692,Photographer | gaming | 🚀 | DM for collabs,2024-09-24 14:56:32,1,0,0
U00176,abeasley,Jesse Perry,147,229,1205,Software engineer passionate about React and yoga,2023-04-30 14:56:32,1,0,0
U00177,edwardslarry,Troy Mcdaniel,138,717,1545,"Mom/Dad of React, coffee lover, 🎵 enthusiast",2022-05-25 14:56:32,1,0,0
U00178,fjones,Brent Rodgers,471,523,308,Photographer | SF | fitness | DM for collabs,2025-10-13 14:56:32,1,0,0
U00179,angelawillis,Erin Martinez,169,38,1922,"Mom/Dad of yoga, coffee lover, tech enthusiast",2021-05-13 14:56:32,1,0,0
U00180,morgan60,Lindsay Bell,41,314,575,Fitness | yoga | travel | Healthy living advocate,2025-01-19 14:56:32,1,0,0
U00181,ericolson,Hayley Hawkins,294,417,2461,NYC professional | Python | Views are my own,2019-11-21 14:56:32,1,0,0
U00182,farmeraudrey,Sarah Villegas,648,518,2501,Software engineer passionate about SF and art,2019-10-12 14:56:32,1,0,0
U00183,lynchdiane,Alyssa Nelson,161,968,774,"Mom/Dad of tech, coffee lover, design enthusiast",2024-07-04 14:56:32,1,1,0
U00184,sandra50,Charles Sandoval,272,292,1034,Fitness | Toronto | tech | Healthy living advocate,2023-10-18 14:56:32,1,0,0
U00185,thomascynthia,Paul Lewis,79,1757,8,Crypto trader | ✨ | 10x returns guaranteed,2026-08-09 14:56:32,1,0,1
U00186,kchavez,Nathan Frank,549,445,506,👨‍💻 developer | Open source contributor | NYC,2025-03-29 14:56:32,1,0,0
U00187,wareeric,Amber Miller,3,1166,1,Follow me I follow back 🎯,2026-08-16 14:56:32,1,0,1
U00188,fstanley,Jennifer Lewis,641,36,502,✨ developer | Open source contributor | travel,2025-04-02 14:56:32,1,0,0
U00189,reeddaniel,Leslie Rose,481,360,667,"Mom/Dad of design, coffee lover, SF enthusiast",2024-10-19 14:56:32,1,0,0
U00190,brandon69,Dan Dougherty,19,658,2976,"Writer, reader, ML lover | Based in 📸",2018-06-24 14:56:32,1,0,0
U00191,kathrynroberts,Jonathan Jordan,9,0,1822,"Mom/Dad of coding, coffee lover, yoga enthusiast",2021-08-21 14:56:32,1,0,0
U00192,omarpadilla,Sandra Drake,255,542,1754,"Writer, reader, 💯 lover | Based in Data Science",2021-10-28 14:56:32,1,0,0
U00193,sandersjudy,Joe Miller,14,1491,14,Official giveaway account React,2026-08-03 14:56:32,1,0,1
U00194,barbara96,Jennifer Wilson,20,857,2002,"Mom/Dad of sports, coffee lover, 🔥 enthusiast",2021-02-22 14:56:32,1,0,0
U00195,burchgeorge,Julia Norris,870,282,592,Music lover | food fan | Python | Just vibes,2025-01-02 14:56:32,1,0,0
U00196,christopher13,James Miller,11,738,2785,Photographer | food | Berlin | DM for collabs,2019-01-01 14:56:32,1,0,0
U00197,julie35,Angela Schultz,124,709,2427,Music lover | yoga fan | art | Just vibes,2019-12-25 14:56:32,1,0,0
U00198,rebeccabailey,Sabrina Briggs,42,1167,4,Official giveaway account React,2026-08-13 14:56:32,0,0,1
U00199,curtisscott,Christian Malone,136,464,986,Photographer | tech | SF | DM for collabs,2023-12-05 14:56:32,1,1,0
U00200,thompsonkendra,Paul Wolf MD,233,779,1325,"Writer, reader, JavaScript lover | Based in AI",2022-12-31 14:56:32,1,0,0
U00201,michelle52,John Welch,231,1293,2,Crypto trader | 📸 | 10x returns guaranteed,2026-08-15 14:56:32,0,0,1
U00202,brittany58,Joel Johnson,75,555,1456,Travel blogger | React | Paris | Living my best life,2022-08-22 14:56:32,1,0,0
U00203,marie11,Katie Ford,29,364,2384,Fitness | sports | food | Healthy living advocate,2020-02-06 14:56:32,1,0,0
U00204,colelisa,Erica Alvarez,177,528,263,Teacher | sports | SF | Education matters,2025-11-27 14:56:32,1,0,0
U00205,susanhayes,Sara Haas,431,118,2546,Web3 developer | Open source contributor | SF,2019-08-28 14:56:32,1,0,0
U00206,wagnergerald,Jeffrey Gonzales,14,719,1473,Photographer | coding | Berlin | DM for collabs,2022-08-05 14:56:32,1,0,0
U00207,michaelhardin,Raymond Shelton,244,212,2218,Teacher | Paris | music | Education matters,2020-07-21 14:56:32,1,0,0
U00208,mccormickdeborah,Brandon Gregory,1520,428,284,Software engineer passionate about yoga and Paris,2025-11-06 14:56:32,1,0,0
U00209,johnathan92,Kevin Thomas,870,416,1106,Student at Toronto University | coding | AI,2023-08-07 14:56:32,1,0,0
U00210,kyle62,Teresa Collins,3265,838,589,Photographer | 🎵 | NYC | DM for collabs,2025-01-05 14:56:32,1,0,0
U00211,vschneider,Meagan Calderon,102,642,1510,"Mom/Dad of Data Science, coffee lover, music enthusiast",2022-06-29 14:56:32,1,0,0
U00212,lucasrodney,Jack White,390,742,378,"Writer, reader, 🔥 lover | Based in Data Science",2025-08-04 14:56:32,1,0,0
U00213,matthewmiranda,Zachary Moore,34,571,531,Photographer | tech | Toronto | DM for collabs,2025-03-04 14:56:32,1,0,0
U00214,megan18,Sandy Stephenson,726,0,1944,Artist | React | sports | Creating beauty daily,2021-04-21 14:56:32,1,0,0
U00215,stanleynancy,Linda Moore,39,1465,7,,2026-08-10 14:56:32,1,0,1
U00216,mariewise,Carol Kim,120,450,967,"Writer, reader, books lover | Based in travel",2023-12-24 14:56:32,1,0,0
U00217,udiaz,Jeremy Mitchell,122,548,17,JavaScriptartLondon,2026-07-31 14:56:32,0,0,1
U00218,pyoung,Robert Harrison,1707,54,770,Fitness | art | travel | Healthy living advocate,2024-07-08 14:56:32,1,0,0
U00219,michealvalentine,Mrs. Diane Reyes,11,386,2083,✨ developer | Open source contributor | Toronto,2020-12-03 14:56:32,1,0,0
U00220,mburch,Brenda Wright,264,391,678,travel developer | Open source contributor | 🎯,2024-10-08 14:56:32,1,0,0
U00221,jsawyer,Michelle Black,6,377,1185,Fitness | food | JavaScript | Healthy living advocate,2023-05-20 14:56:32,1,0,0
U00222,mitchellkathryn,Taylor Hernandez,20,567,1911,Software engineer passionate about food and React,2021-05-24 14:56:32,1,0,0
U00223,odavis,Stacey Arias,6,869,28,DM me for exclusive deals! 👨‍💻 ML,2026-07-20 14:56:32,1,0,1
U00224,gbrown,James Miller,308,586,228,fitness developer | Open source contributor | Toronto,2026-01-01 14:56:32,1,0,0
U00225,anthonygalvan,Marie Moody,95,913,313,gaming developer | Open source contributor | Python,2025-10-08 14:56:32,1,0,0
U00226,benjaminlowery,Ronald Blake,15,1104,8,,2026-08-09 14:56:32,1,0,1
U00227,awest,Alicia Lewis,66,201,1550,"Writer, reader, Berlin lover | Based in ML",2022-05-20 14:56:32,1,0,0
U00228,anaacosta,Ashley Roberts,126,141,2508,Software engineer passionate about Python and travel,2019-10-05 14:56:32,1,0,0
U00229,david36,Lisa Brown,64,100,1643,Student at Tokyo University | art | Python,2022-02-16 14:56:32,1,0,0
U00230,bcarlson,Laura Higgins,2827,408,1492,Student at Data Science University | design | sports,2022-07-17 14:56:32,1,0,0
U00231,ruben95,Jason Beck,51,453,1405,Travel blogger | 📸 | sports | Living my best life,2022-10-12 14:56:32,1,0,0
U00232,millsmichael,Kimberly Hartman,125,344,1542,Software engineer passionate about React and Paris,2022-05-28 14:56:32,1,0,0
U00233,myerstheodore,Veronica King,131,979,3,Make money online travel Berlin easy cash,2026-08-14 14:56:32,1,0,1
U00234,kellycarlos,Matthew Garcia,18,1373,25,Follow me I follow back 📸,2026-07-23 14:56:32,0,0,1
U00235,dennis58,Marvin Greer,98,0,2591,Travel blogger | ML | art | Living my best life,2019-07-14 14:56:32,1,0,0
U00236,epollard,Robin Brown,15,741,2618,Travel blogger | ✨ | music | Living my best life,2019-06-17 14:56:32,1,0,0
U00237,mjohnson,Curtis Williams,1750,337,1032,Berlin developer | Open source contributor | ✨,2023-10-20 14:56:32,1,0,0
U00238,zachary87,Paul Lee,2,1455,26,Make money online fitness React easy cash,2026-07-22 14:56:32,1,0,1
U00239,michelle05,Robert Kim,33,407,1864,Berlin developer | Open source contributor | ML,2021-07-10 14:56:32,1,0,0
U00240,ypaul,Cody Holt,634,156,723,design professional | Tokyo | Views are my own,2024-08-24 14:56:32,1,0,0
U00241,sandra84,Monica Miller,167,780,1580,Music lover | gaming fan | 📸 | Just vibes,2022-04-20 14:56:32,1,0,0
U00242,amymorris,Matthew Parker,3,197,716,Student at ✨ University | 👨‍💻 | art,2024-08-31 14:56:32,1,0,0
U00243,cjackson,Andrew Berg,37,928,30,JavaScripttechWeb3,2026-07-18 14:56:32,0,0,1
U00244,christina64,Rebecca Brown,56,129,1025,Photographer | sports | React | DM for collabs,2023-10-27 14:56:32,1,0,0
U00245,zcox,Caitlin Johnson,1864,620,465,Artist | Python | art | Creating beauty daily,2025-05-09 14:56:32,1,0,0
U00246,ejohnson,Matthew Cox,146,769,1995,Artist | design | 🎯 | Creating beauty daily,2021-03-01 14:56:32,1,0,0
U00247,jacobserika,Jacqueline Hines,7,1912,9,Follow for follow! 📸 🔥 coding,2026-08-08 14:56:32,1,0,1
U00248,alyssasanders,Danielle Wilson,109,1504,2,Follow for follow! coding 🚀 🎵,2026-08-15 14:56:32,0,0,1
U00249,victorhughes,Deborah Green,31,352,1050,Artist | art | Berlin | Creating beauty daily,2023-10-02 14:56:32,1,0,0
U00250,nlewis,Thomas Henry,39,54,1045,Fitness | Web3 | movies | Healthy living advocate,2023-10-07 14:56:32,1,0,0
U00251,taylorcharles,Micheal Osborn,83,625,12,DM me for exclusive deals! 🎵 👨‍💻,2026-08-05 14:56:32,1,0,1
U00252,elizabeth18,Stephanie York,609,406,143,Photographer | 🎯 | music | DM for collabs,2026-03-27 14:56:32,1,0,0
U00253,laurahicks,Curtis Taylor,179,309,1098,Artist | tech | JavaScript | Creating beauty daily,2023-08-15 14:56:32,1,0,0
U00254,jjohnson,Julie Bird,103,285,2751,Teacher | gaming | Python | Education matters,2019-02-04 14:56:32,1,0,0
U00255,cherylmiller,Zachary Higgins,58,304,1446,Teacher | movies | 💯 | Education matters,2022-09-01 14:56:32,1,0,0
U00256,khammond,William Day,79,192,806,Travel blogger | travel | 💯 | Living my best life,2024-06-02 14:56:32,1,1,0
U00257,howens,Shawn Deleon,181,1036,26,TorontoParis👨‍💻,2026-07-22 14:56:32,0,0,1
U00258,katrinaanderson,Sheena Guerra,159,192,1999,Student at music University | fitness | Berlin,2021-02-25 14:56:32,1,0,0
U00259,kevinmartin,Courtney Meza,222,387,2745,"Writer, reader, SF lover | Based in coding",2019-02-10 14:56:32,1,0,0
U00260,meghan43,Krista Martinez,103,173,1698,Artist | ✨ | ML | Creating beauty daily,2021-12-23 14:56:32,1,0,0
U00261,christina18,Leslie Carpenter,279,1271,2,Make money online 🔥 sports easy cash,2026-08-15 14:56:32,1,0,1
U00262,donnale,Sarah Elliott,223,218,799,Music lover | Berlin fan | Toronto | Just vibes,2024-06-09 14:56:32,1,0,0
U00263,millerstacy,Deborah Clark,66,532,1270,Student at ✨ University | 🔥 | books,2023-02-24 14:56:32,1,0,0
U00264,bmontgomery,Mr. Dylan Frye MD,202,910,233,Artist | JavaScript | 🔥 | Creating beauty daily,2025-12-27 14:56:32,1,0,0
U00265,eevans,Brooke Perry,1684,633,294,"Mom/Dad of Data Science, coffee lover, React enthusiast",2025-10-27 14:56:32,1,0,0
U00266,mharris,Scott Flores,47,258,715,Software engineer passionate about art and ✨,2024-09-01 14:56:32,1,1,0
U00267,theresa25,Ashley Allen,44,899,10,Official giveaway account art,2026-08-07 14:56:32,1,0,1
U00268,adamsjohn,Dylan Cruz,12,412,1583,travel developer | Open source contributor | design,2022-04-17 14:56:32,1,0,0
U00269,kwright,Taylor Griffith,219,173,2720,Student at London University | coding | tech,2019-03-07 14:56:32,1,0,0
U00270,kathrynjimenez,Kathleen Parker,386,0,1645,Music lover | coding fan | Tokyo | Just vibes,2022-02-14 14:56:32,1,0,0
U00271,davisphillip,David Aguilar,134,97,938,Fitness | Berlin | 🚀 | Healthy living advocate,2024-01-22 14:56:32,1,0,0
U00272,williamstroy,Martha Ruiz,60,1155,2,Make money online Toronto JavaScript easy cash,2026-08-15 14:56:32,1,0,1
U00273,booneryan,Monica Gallagher,80,249,1249,Student at books University | movies | React,2023-03-17 14:56:32,1,0,0
U00274,brandon09,Heidi Roberts,91,1428,1,,2026-08-16 14:56:32,0,0,1
U00275,wgordon,Samantha Hanson,328,760,1974,Music lover | design fan | sports | Just vibes,2021-03-22 14:56:32,1,0,0
U00276,andersoncolin,William Grant,3,200,2996,Artist | 🎯 | 📸 | Creating beauty daily,2018-06-04 14:56:32,1,0,0
U00277,kari39,Kathryn Williams,352,349,2414,"Mom/Dad of design, coffee lover, Toronto enthusiast",2020-01-07 14:56:32,1,0,0
U00278,jenniferbrock,Brittany Barry,258,249,2845,Music lover | JavaScript fan | design | Just vibes,2018-11-02 14:56:32,1,0,0
U00279,markaustin,William Stevenson,168,361,2680,Fitness | movies | design | Healthy living advocate,2019-04-16 14:56:32,1,0,0
U00280,brittney88,Michelle Evans,855,463,286,"Mom/Dad of 📸, coffee lover, art enthusiast",2025-11-04 14:56:32,1,0,0
U00281,richardsonemily,Lauren Robles,12,1021,2,TokyofitnessSF,2026-08-15 14:56:32,0,0,1
U00282,carlsonjoseph,Valerie Lane,358,320,2245,"Mom/Dad of 👨‍💻, coffee lover, books enthusiast",2020-06-24 14:56:32,1,0,0
U00283,jennifersilva,Mark Harvey,91,535,761,Teacher | Python | music | Education matters,2024-07-17 14:56:32,1,0,0
U00284,rhernandez,Kenneth Graves,59,1510,10,,2026-08-07 14:56:32,1,0,1
U00285,andrewedwards,Michael Jenkins,548,318,2099,Teacher | 🎵 | Berlin | Education matters,2020-11-17 14:56:32,1,0,0
U00286,vsalas,Michele Stone,899,297,1063,Teacher | Data Science | Paris | Education matters,2023-09-19 14:56:32,1,0,0
U00287,whitney78,Tyler Stevens,6,147,707,Web3 developer | Open source contributor | 🎯,2024-09-09 14:56:32,1,0,0
U00288,amy49,Dr. Douglas Evans,8,312,648,"Writer, reader, Toronto lover | Based in JavaScript",2024-11-07 14:56:32,1,0,0
U00289,kellie37,Gregory Peck,110,725,4,Follow me I follow back 💯,2026-08-13 14:56:32,0,0,1
U00290,keith98,William Cardenas,152,340,637,"Mom/Dad of food, coffee lover, Berlin enthusiast",2024-11-18 14:56:32,1,0,0
U00291,kellyroberts,Hannah Ramos,510,623,1772,books professional | Toronto | Views are my own,2021-10-10 14:56:32,1,0,0
U00292,julie33,Denise Hoffman,171,178,837,Travel blogger | 🚀 | 👨‍💻 | Living my best life,2024-05-02 14:56:32,1,0,0
U00293,derrick99,Anthony Stein,228,441,2097,Software engineer passionate about sports and Data Science,2020-11-19 14:56:32,1,0,0
U00294,danawilliams,Mitchell Garcia,348,181,941,Fitness | JavaScript | food | Healthy living advocate,2024-01-19 14:56:32,1,0,0
U00295,adampierce,Jennifer Donovan,81,527,2739,Teacher | 🎯 | Berlin | Education matters,2019-02-16 14:56:32,1,0,0
U00296,mwoods,Donna Mitchell,963,641,1825,Travel blogger | Tokyo | React | Living my best life,2021-08-18 14:56:32,1,0,0
U00297,velezchristopher,Kimberly Sharp,167,278,1700,Software engineer passionate about fitness and React,2021-12-21 14:56:32,1,0,0
U00298,gentrygregory,Casey Gillespie,29,1321,17,Make money online SF coding easy cash,2026-07-31 14:56:32,0,0,1
U00299,lfrench,Tonya Howe,22,1652,3,Official giveaway account fitness,2026-08-14 14:56:32,1,0,1
U00300,smithashley,William Mitchell,271,313,224,Software engineer passionate about music and design,2026-01-05 14:56:32,1,0,0
U00301,ismall,Julie Lee,514,721,2187,art developer | Open source contributor | 👨‍💻,2020-08-21 14:56:32,1,0,0
U00302,riverajessica,Michelle Smith,76,293,1364,Travel blogger | Data Science | Paris | Living my best life,2022-11-22 14:56:32,1,0,0
U00303,krystal93,Scott Prince,64,640,2147,Music lover | 🚀 fan | Paris | Just vibes,2020-09-30 14:56:32,1,0,0
U00304,frobertson,Brandon Holden,81,1492,11,DM me for exclusive deals! Paris tech,2026-08-06 14:56:32,1,0,1
U00305,pmorris,James Griffin,275,869,2745,Fitness | NYC | food | Healthy living advocate,2019-02-10 14:56:32,1,0,0
U00306,stephanie49,Alexandra Valdez,23,882,21,,2026-07-27 14:56:32,0,0,1
U00307,bryanwilson,Jared Shaw,68,442,1052,Software engineer passionate about coding and fitness,2023-09-30 14:56:32,1,1,0
U00308,hannah45,Colleen Anderson,519,177,680,Photographer | yoga | Web3 | DM for collabs,2024-10-06 14:56:32,1,0,0
U00309,spencerzhang,Michael Durham,4,445,1991,Artist | food | design | Creating beauty daily,2021-03-05 14:56:32,1,0,0
U00310,kathleenbecker,Rachel Fox,7827,349,2772,📸 developer | Open source contributor | ML,2019-01-14 14:56:32,1,0,0
U00311,christian91,Joshua Wagner,164,1214,5,Follow me I follow back 🎯,2026-08-12 14:56:32,0,0,1
U00312,franklinbond,Michael Love,215,1734,5,Click link below for FREE yoga !!!,2026-08-12 14:56:32,1,0,1
U00313,gdavis,Anthony Anderson,359,454,2025,"Writer, reader, SF lover | Based in Berlin",2021-01-30 14:56:32,1,0,0
U00314,dbryant,Megan Parker,288,462,1615,Photographer | JavaScript | art | DM for collabs,2022-03-16 14:56:32,1,0,0
U00315,fosterlisa,Laura Williams,26,64,2985,"Mom/Dad of JavaScript, coffee lover, ✨ enthusiast",2018-06-15 14:56:32,1,0,0
U00316,isabella80,Andrea Peck,2515,445,936,🎵 professional | SF | Views are my own,2024-01-24 14:56:32,1,0,0
U00317,mitchellhector,Martin Daniel,172,377,622,"Mom/Dad of London, coffee lover, food enthusiast",2024-12-03 14:56:32,1,0,0
U00318,ybrooks,Thomas Bennett,478,1034,2673,food professional | gaming | Views are my own,2019-04-23 14:56:32,1,0,0
U00319,vegadorothy,Martha Bailey,325,252,471,Teacher | design | AI | Education matters,2025-05-03 14:56:32,1,0,0
U00320,victorialong,William Davenport,121,667,706,Photographer | 🎯 | fitness | DM for collabs,2024-09-10 14:56:32,1,0,0
U00321,goodsteven,Jessica Gray,61,613,1229,Teacher | food | sports | Education matters,2023-04-06 14:56:32,1,0,0
U00322,johnreed,Timothy Hardy,201,503,24,Follow for follow! movies Web3 music,2026-07-24 14:56:32,1,0,1
U00323,johnsondonna,Taylor Small,21,76,2089,Travel blogger | Berlin | music | Living my best life,2020-11-27 14:56:32,1,1,0
U00324,jamiegarcia,Kyle Warner,89,817,499,"Writer, reader, Berlin lover | Based in 💯",2025-04-05 14:56:32,1,0,0
U00325,sanchezbradley,Joshua Webster,100,24,2083,Travel blogger | 👨‍💻 | 💯 | Living my best life,2020-12-03 14:56:32,1,0,0
U00326,taylorvictoria,Thomas Johnston,102,331,1414,Travel blogger | 💯 | Tokyo | Living my best life,2022-10-03 14:56:32,1,0,0
U00327,joel28,Eric Brown,55,1441,3,Click link below for FREE Data Science !!!,2026-08-14 14:56:32,1,0,1
U00328,conniesimmons,William David DDS,117,670,415,Photographer | gaming | movies | DM for collabs,2025-06-28 14:56:32,1,0,0
U00329,heather62,Clinton Medina,9,145,1076,Software engineer passionate about Tokyo and ML,2023-09-06 14:56:32,1,0,0
U00330,melissaturner,Renee Melendez,322,200,1410,Student at AI University | Tokyo | React,2022-10-07 14:56:32,1,0,0
U00331,jfaulkner,Jasmine Scott,461,1150,9,Make money online Paris coding easy cash,2026-08-08 14:56:32,1,0,1
U00332,deborah75,Nathaniel Lee,7044,414,1565,Fitness | NYC | design | Healthy living advocate,2022-05-05 14:56:32,1,0,0
U00333,nicholas99,Benjamin Ballard,151,393,2541,"Writer, reader, Web3 lover | Based in 🎯",2019-09-02 14:56:32,1,0,0
U00334,timothybooth,Tyler Smith,199,363,954,sports professional | 📸 | Views are my own,2024-01-06 14:56:32,1,0,0
U00335,suzannewilson,Mrs. Dana Munoz MD,62,263,379,Fitness | coding | food | Healthy living advocate,2025-08-03 14:56:32,1,0,0
U00336,andrearowe,Joseph Howard,141,264,888,Fitness | 🎵 | art | Healthy living advocate,2024-03-12 14:56:32,1,0,0
U00337,michael77,William Harrison,50,426,1869,"Mom/Dad of yoga, coffee lover, 🚀 enthusiast",2021-07-05 14:56:32,1,0,0
U00338,robin55,Justin Walker,101,775,287,design developer | Open source contributor | 👨‍💻,2025-11-03 14:56:32,1,0,0
U00339,allentran,Michelle Phillips,2,672,2348,Paris developer | Open source contributor | tech,2020-03-13 14:56:32,1,0,0
U00340,markjames,Kathryn Pena,962,0,952,Fitness | travel | music | Healthy living advocate,2024-01-08 14:56:32,1,0,0
U00341,jonathan77,Nicholas Bell,88,307,2276,Software engineer passionate about travel and 🎯,2020-05-24 14:56:32,1,1,0
U00342,jenniferfreeman,Kimberly May,17,205,614,Teacher | Web3 | React | Education matters,2024-12-11 14:56:32,1,0,0
U00343,warrenmary,Robert Williams,28,838,1606,Photographer | sports | 🎵 | DM for collabs,2022-03-25 14:56:32,1,0,0
U00344,gutierrezmegan,Michael Smith,603,717,545,Travel blogger | 🎵 | Data Science | Living my best life,2025-02-18 14:56:32,1,0,0
U00345,nbrooks,Taylor Durham,438,117,972,Software engineer passionate about tech and Paris,2023-12-19 14:56:32,1,0,0
U00346,ismith,Alexandra Moreno,67,522,1797,Music lover | ML fan | NYC | Just vibes,2021-09-15 14:56:32,1,0,0
U00347,amanda40,Melissa Jordan,23,578,1189,coding professional | music | Views are my own,2023-05-16 14:56:32,1,0,0
U00348,danieldavis,Corey Fox,103,306,124,yoga professional | travel | Views are my own,2026-04-15 14:56:32,1,0,0
U00349,joseph61,Jared Cunningham,102,1270,7,Follow for follow! ✨ NYC 🎵,2026-08-10 14:56:32,0,0,1
U00350,kevinclayton,William Santos,216,811,291,Travel blogger | 👨‍💻 | Berlin | Living my best life,2025-10-30 14:56:32,1,0,0
U00351,davisnicholas,Amy Smith,32,235,2419,"Writer, reader, Toronto lover | Based in London",2020-01-02 14:56:32,1,0,0
U00352,christopherbruce,Erin Madden,181,918,5,Follow me I follow back food,2026-08-12 14:56:32,1,0,1
U00353,jacobsonsamantha,Steven Schwartz,242,87,777,Teacher | 🔥 | 🚀 | Education matters,2024-07-01 14:56:32,1,1,0
U00354,enelson,Diana Daniels,593,353,2695,Teacher | ML | 📸 | Education matters,2019-04-01 14:56:32,1,0,0
U00355,whitemelissa,Daniel Thomas,67,662,671,Student at ML University | movies | 🎵,2024-10-15 14:56:32,1,0,0
U00356,thickman,David Davenport,51,47,1291,Artist | art | 💯 | Creating beauty daily,2023-02-03 14:56:32,1,0,0
U00357,irhodes,Perry Taylor,14,551,1766,Music lover | 📸 fan | design | Just vibes,2021-10-16 14:56:32,1,0,0
U00358,masonterri,Jeffrey Roberson,21,838,1412,Teacher | sports | ✨ | Education matters,2022-10-05 14:56:32,1,0,0
U00359,cassie99,Raymond Johnson,64,673,10,musictravelfitness,2026-08-07 14:56:32,1,0,1
U00360,kristen77,Juan Bennett,65,642,2810,Music lover | yoga fan | 🎯 | Just vibes,2018-12-07 14:56:32,1,0,0
U00361,eringuerrero,Luke Yates,141,316,1301,Software engineer passionate about yoga and fitness,2023-01-24 14:56:32,1,0,0
U00362,millereric,Madison Singh,1,1603,25,Make money online yoga Data Science easy cash,2026-07-23 14:56:32,1,0,1
U00363,michael10,Jill Juarez,235,0,1219,Photographer | 💯 | 🎵 | DM for collabs,2023-04-16 14:56:32,1,0,0
U00364,andersonjacob,Justin Russell,19,585,1533,Music lover | 🚀 fan | 💯 | Just vibes,2022-06-06 14:56:32,1,0,0
U00365,davisangela,Rachel Shields,191,354,1983,"Writer, reader, yoga lover | Based in React",2021-03-13 14:56:32,1,0,0
U00366,carterpaul,Steven Stein,332,813,28,techTokyoWeb3,2026-07-20 14:56:32,0,0,1
U00367,ashleyjackson,Charles Turner,25,1230,8,Crypto trader | Python | 10x returns guaranteed,2026-08-09 14:56:32,0,0,1
U00368,kthomas,Jason Washington,199,155,2688,Artist | 🚀 | 💯 | Creating beauty daily,2019-04-08 14:56:32,1,0,0
U00369,wardsheryl,Kathleen Jensen,273,0,753,Travel blogger | 🎵 | 🚀 | Living my best life,2024-07-25 14:56:32,1,0,0
U00370,trodriguez,James Skinner,694,518,2688,Software engineer passionate about 📸 and music,2019-04-08 14:56:32,1,0,0
U00371,vbrock,Jeffrey Colon,18,1686,27,Follow for follow! Web3 design NYC,2026-07-21 14:56:32,0,0,1
U00372,kevinmorrison,Karen Thompson,87,1671,10,Follow me I follow back 🎯,2026-08-07 14:56:32,1,0,1
U00373,snovak,Mackenzie Faulkner,15,1152,9,Follow me I follow back SF,2026-08-08 14:56:32,1,0,1
U00374,markramirez,Holly Frederick,497,495,2117,Artist | 🔥 | movies | Creating beauty daily,2020-10-30 14:56:32,1,0,0
U00375,brittanygardner,Krista Benton,3,489,6,SFData Sciencesports,2026-08-11 14:56:32,0,0,1
U00376,nhahn,Eddie Schwartz,322,218,2374,NYC professional | Paris | Views are my own,2020-02-16 14:56:32,1,0,0
U00377,ichambers,Dana Hopkins,196,211,2737,Teacher | music | sports | Education matters,2019-02-18 14:56:32,1,0,0
U00378,emccormick,Kyle Aguilar,59,48,2009,Software engineer passionate about AI and books,2021-02-15 14:56:32,1,0,0
U00379,ystephens,Meredith Burnett,37,62,2701,"Writer, reader, gaming lover | Based in 📸",2019-03-26 14:56:32,1,0,0
U00380,rodriguezjohn,Carol Salazar,101,1372,2,,2026-08-15 14:56:32,1,0,1
U00381,vrasmussen,Jessica Smith,10,920,2284,Fitness | music | movies | Healthy living advocate,2020-05-16 14:56:32,1,0,0
U00382,jeffrey88,Laura Griffin,93,423,908,Fitness | art | Data Science | Healthy living advocate,2024-02-21 14:56:32,1,0,0
U00383,rford,Kathryn Cooper,194,551,2369,ML professional | 🎵 | Views are my own,2020-02-21 14:56:32,1,0,0
U00384,webbkenneth,Angelica Guerra,15,398,633,Artist | sports | 👨‍💻 | Creating beauty daily,2024-11-22 14:56:32,1,0,0
U00385,michaelcooper,Kelly Bailey,55,0,460,Photographer | NYC | travel | DM for collabs,2025-05-14 14:56:32,1,0,0
U00386,kimheather,Eric Patrick,652,311,2499,Photographer | Toronto | tech | DM for collabs,2019-10-14 14:56:32,1,0,0
U00387,johnsonmatthew,Robert Spears,213,444,1905,NYC developer | Open source contributor | JavaScript,2021-05-30 14:56:32,1,0,0
U00388,zacharyarnold,Jeffery Murray,89,893,820,Teacher | ML | sports | Education matters,2024-05-19 14:56:32,1,0,0
U00389,lsoto,Jessica Johnson,138,10,1069,Artist | travel | sports | Creating beauty daily,2023-09-13 14:56:32,1,0,0
U00390,shannonjordan,Daniel Ramirez,81,524,2656,Travel blogger | ML | Toronto | Living my best life,2019-05-10 14:56:32,1,0,0
U00391,raylauren,Holly Gonzalez,94,1359,2,Make money online design sports easy cash,2026-08-15 14:56:32,0,0,1
U00392,bakermichelle,Margaret Harper,377,7,2332,Music lover | Web3 fan | gaming | Just vibes,2020-03-29 14:56:32,1,1,0
U00393,wmatthews,Jimmy Thompson,49,338,441,Fitness | Toronto | ML | Healthy living advocate,2025-06-02 14:56:32,1,1,0
U00394,samantha91,Emily Allen,132,555,406,Artist | London | 📸 | Creating beauty daily,2025-07-07 14:56:32,1,0,0
U00395,whiteheather,Jennifer Taylor,193,66,628,Student at Paris University | SF | 🚀,2024-11-27 14:56:32,1,0,0
U00396,fhenderson,Melissa Brewer,165,1445,6,Crypto trader | Tokyo | 10x returns guaranteed,2026-08-11 14:56:32,1,0,1
U00397,angelaburns,Ernest Hayes,375,721,2090,Fitness | fitness | 💯 | Healthy living advocate,2020-11-26 14:56:32,1,0,0
U00398,glennstephanie,Mr. James Hoffman,730,286,1680,"Writer, reader, ML lover | Based in Python",2022-01-10 14:56:32,1,0,0
U00399,fortiz,Ryan Burns,383,18,2726,Fitness | design | Paris | Healthy living advocate,2019-03-01 14:56:32,1,0,0
U00400,cunninghamlaura,Andrew Walker,136,604,882,Toronto developer | Open source contributor | movies,2024-03-18 14:56:32,1,0,0
U00401,gary79,Pamela Dunn,181,511,1253,Artist | 🚀 | London | Creating beauty daily,2023-03-13 14:56:32,1,0,0
U00402,armstrongjoseph,Wendy Weaver,107,682,1669,"Writer, reader, coding lover | Based in fitness",2022-01-21 14:56:32,1,0,0
U00403,wolfscott,Jeffery Fitzgerald,131,283,2852,Music lover | tech fan | 💯 | Just vibes,2018-10-26 14:56:32,1,0,0
U00404,kennethkidd,Gregory Montoya,141,1465,26,Click link below for FREE travel !!!,2026-07-22 14:56:32,1,0,1
U00405,hgrimes,Cynthia Cochran,171,284,1735,Teacher | 🚀 | design | Education matters,2021-11-16 14:56:32,1,0,0
U00406,michelle96,Charles Clark,20,887,22,,2026-07-26 14:56:32,1,0,1
U00407,lindahudson,Linda Jackson,103,1583,9,Make money online music React easy cash,2026-08-08 14:56:32,1,0,1
U00408,keith48,Miss Anna Estes,112,290,2492,Teacher | sports | gaming | Education matters,2019-10-21 14:56:32,1,0,0
U00409,rsellers,Beth Cline,1300,449,1514,Travel blogger | music | Data Science | Living my best life,2022-06-25 14:56:32,1,0,0
U00410,dustinmorris,Ryan Long,697,28,1823,"Mom/Dad of AI, coffee lover, gaming enthusiast",2021-08-20 14:56:32,1,0,0
U00411,barbaraadams,Jesse Schultz,221,622,2184,Music lover | NYC fan | ✨ | Just vibes,2020-08-24 14:56:32,1,0,0
U00412,powellkara,Sherry Gibson,167,666,2843,Fitness | 👨‍💻 | art | Healthy living advocate,2018-11-04 14:56:32,1,0,0
U00413,amurphy,Sarah Davis,223,1566,2,Click link below for FREE art !!!,2026-08-15 14:56:32,0,0,1
U00414,sreid,Arthur Ferguson,53,272,907,Music lover | 🎯 fan | JavaScript | Just vibes,2024-02-22 14:56:32,1,0,0
U00415,tammysummers,Frank Campbell MD,3,629,2913,Toronto developer | Open source contributor | travel,2018-08-26 14:56:32,1,0,0
U00416,ashleewashington,Michael Williams,237,0,531,Software engineer passionate about Python and gaming,2025-03-04 14:56:32,1,0,0
U00417,simsmary,Timothy Moore,107,672,6,🔥💯NYC,2026-08-11 14:56:32,1,0,1
U00418,bsmith,Michael Anderson,79,329,823,Teacher | 🔥 | Data Science | Education matters,2024-05-16 14:56:32,1,1,0
U00419,erik41,Danielle Watson,19,170,868,🔥 developer | Open source contributor | ML,2024-04-01 14:56:32,1,1,0
U00420,brettgarrett,Nicole Patterson,28,619,6,DM me for exclusive deals! Toronto fitness,2026-08-11 14:56:32,1,0,1
U00421,padillaaaron,Casey Perez,24,132,2064,Music lover | Toronto fan | ML | Just vibes,2020-12-22 14:56:32,1,0,0
U00422,ssmith,Bryan Dalton,413,358,1485,"Writer, reader, 💯 lover | Based in movies",2022-07-24 14:56:32,1,0,0
U00423,timperez,Robert Garcia,43,977,1278,Fitness | sports | design | Healthy living advocate,2023-02-16 14:56:32,1,0,0
U00424,nicole26,Nicole Anderson,14,1000,9,,2026-08-08 14:56:32,0,0,1
U00425,caseyelliott,Carly Bell,190,523,2414,Photographer | 🔥 | movies | DM for collabs,2020-01-07 14:56:32,1,0,0
U00426,courtneyhernandez,Michael Heath,229,1013,2702,Travel blogger | books | 🚀 | Living my best life,2019-03-25 14:56:32,1,0,0
U00427,mosleydonald,Nicholas Bell,20,1044,27,Make money online JavaScript AI easy cash,2026-07-21 14:56:32,1,0,1
U00428,iedwards,Matthew Wright,16,1020,7,Follow me I follow back 🚀,2026-08-10 14:56:32,1,0,1
U00429,kimberly04,Lawrence Lopez,57,697,2061,Travel blogger | sports | tech | Living my best life,2020-12-25 14:56:32,1,0,0
U00430,dphillips,Rebecca Allen,4,1087,3,Click link below for FREE 💯 !!!,2026-08-14 14:56:32,1,0,1
U00431,frodriguez,Andrea Oneal,25,598,2088,Music lover | 👨‍💻 fan | coding | Just vibes,2020-11-28 14:56:32,1,0,0
U00432,hatfieldsarah,Scott Carroll,715,485,2284,"Writer, reader, 🎵 lover | Based in music",2020-05-16 14:56:32,1,0,0
U00433,amy27,Patricia Smith,84,223,955,Photographer | gaming | London | DM for collabs,2024-01-05 14:56:32,1,0,0
U00434,smithjason,Tiffany Sanders,51,989,1902,Student at JavaScript University | sports | ✨,2021-06-02 14:56:32,1,0,0
U00435,courtney86,James Davidson,69,1481,10,🔥booksdesign,2026-08-07 14:56:32,1,0,1
U00436,joshuacollins,Christina Morton,59,303,303,Fitness | JavaScript | 🎵 | Healthy living advocate,2025-10-18 14:56:32,1,0,0
U00437,peter14,Monica Mathis,227,483,1385,Artist | Berlin | SF | Creating beauty daily,2022-11-01 14:56:32,1,0,0
U00438,sanchezsandy,Logan Brown,398,902,2842,"Mom/Dad of design, coffee lover, Web3 enthusiast",2018-11-05 14:56:32,1,0,0
U00439,davidzimmerman,Carla Benton,113,200,2746,Travel blogger | design | London | Living my best life,2019-02-09 14:56:32,1,0,0
U00440,gary24,Bailey Yoder,18,217,1073,Teacher | Data Science | 🚀 | Education matters,2023-09-09 14:56:32,1,0,0
U00441,lindsay48,Michael Ray,141,848,2631,Photographer | ML | ✨ | DM for collabs,2019-06-04 14:56:32,1,0,0
U00442,crawfordwilliam,Scott Jackson,68,455,441,Photographer | 👨‍💻 | SF | DM for collabs,2025-06-02 14:56:32,1,0,0
U00443,jonathangarcia,Miranda Perez,144,697,1922,Toronto developer | Open source contributor | AI,2021-05-13 14:56:32,1,0,0
U00444,williamsmichelle,John Reyes,6570,267,441,Artist | 💯 | JavaScript | Creating beauty daily,2025-06-02 14:56:32,1,0,0
U00445,haroldhorne,Robert Klein,71,661,1689,🔥 professional | yoga | Views are my own,2022-01-01 14:56:32,1,0,0
U00446,pwalker,Nathan Nelson,412,861,1221,"Writer, reader, design lover | Based in 🚀",2023-04-14 14:56:32,1,0,0
U00447,duncandavid,Amy Walker,356,310,258,Software engineer passionate about gaming and 💯,2025-12-02 14:56:32,1,1,0
U00448,finleycasey,Douglas Kirk,359,677,707,💯 developer | Open source contributor | AI,2024-09-09 14:56:32,1,0,0
U00449,christopher70,Eddie Mueller,508,526,2880,Travel blogger | Paris | books | Living my best life,2018-09-28 14:56:32,1,0,0
U00450,stevenvargas,Raymond Gonzalez DVM,735,692,442,Teacher | React | Tokyo | Education matters,2025-06-01 14:56:32,1,0,0
U00451,edwardrandolph,Joshua Fields,1179,562,2717,Travel blogger | food | Data Science | Living my best life,2019-03-10 14:56:32,1,0,0
U00452,tapiaaaron,Sarah Acosta,115,436,1019,Photographer | sports | gaming | DM for collabs,2023-11-02 14:56:32,1,1,0
U00453,harristonya,Tyrone Kaufman,906,195,603,Fitness | NYC | 📸 | Healthy living advocate,2024-12-22 14:56:32,1,0,0
U00454,jenniferdavis,Stephanie Meyer,14,1325,23,Official giveaway account 🔥,2026-07-25 14:56:32,1,0,1
U00455,stephen19,Casey Wilkins,270,343,997,Photographer | sports | gaming | DM for collabs,2023-11-24 14:56:32,1,0,0
U00456,vargasbryan,Bianca Carter,149,604,1285,Travel blogger | ML | design | Living my best life,2023-02-09 14:56:32,1,0,0
U00457,sara65,Dillon Jones,15,406,340,Music lover | AI fan | books | Just vibes,2025-09-11 14:56:32,1,0,0
U00458,derekcarrillo,Brian Cole,169,588,2632,Artist | art | Web3 | Creating beauty daily,2019-06-03 14:56:32,1,0,0
U00459,richard85,Christine Parker,19,773,949,"Mom/Dad of gaming, coffee lover, design enthusiast",2024-01-11 14:56:32,1,0,0
U00460,melissa12,Elizabeth Bush,204,466,1632,"Writer, reader, 🔥 lover | Based in Toronto",2022-02-27 14:56:32,1,0,0
U00461,lewismelissa,Michael Schmitt,62,1079,1,DM me for exclusive deals! Paris yoga,2026-08-16 14:56:32,1,0,1
U00462,rpalmer,Robert Thompson,128,469,1664,Student at food University | London | 🚀,2022-01-26 14:56:32,1,0,0
U00463,jbond,Danielle Murray,80,1252,6,,2026-08-11 14:56:32,1,0,1
U00464,davidbrown,Courtney Gonzalez,5,1322,8,,2026-08-09 14:56:32,1,0,1
U00465,owatson,Angela Willis,742,143,128,Fitness | travel | AI | Healthy living advocate,2026-04-11 14:56:32,1,0,0
U00466,johnsoncaleb,Jill Anderson,5,657,7,Crypto trader | Data Science | 10x returns guaranteed,2026-08-10 14:56:32,0,0,1
U00467,david70,Kenneth Underwood,631,279,2583,Travel blogger | SF | sports | Living my best life,2019-07-22 14:56:32,1,0,0
U00468,ycrawford,Carrie Lewis,179,491,892,Travel blogger | 🎵 | Toronto | Living my best life,2024-03-08 14:56:32,1,0,0
U00469,joshuagriffin,Lucas Jensen,67,367,2721,Teacher | travel | Paris | Education matters,2019-03-06 14:56:32,1,0,0
U00470,victor87,Douglas Taylor,7,583,1037,Software engineer passionate about London and sports,2023-10-15 14:56:32,1,0,0
U00471,dawnrobles,Zachary Stephens,47,1524,2,,2026-08-15 14:56:32,0,0,1
U00472,mayokimberly,Joshua Washington,25,831,9,,2026-08-08 14:56:32,1,0,1
U00473,paul20,Daniel Huang,113,562,1121,Travel blogger | React | design | Living my best life,2023-07-23 14:56:32,1,0,0
U00474,brian78,Kevin Hall,652,680,543,Software engineer passionate about Python and 🔥,2025-02-20 14:56:32,1,0,0
U00475,craigsandoval,Robert Stark,25,1593,23,,2026-07-25 14:56:32,1,0,1
U00476,gallagherstacie,Vickie Price,393,375,287,books developer | Open source contributor | React,2025-11-03 14:56:32,1,0,0
U00477,gregorywatkins,Melissa Sloan,2368,132,2410,Teacher | coding | NYC | Education matters,2020-01-11 14:56:32,1,0,0
U00478,warnermichael,Brenda Vaughan,40,1469,6,Follow for follow! ML art movies,2026-08-11 14:56:32,1,0,1
U00479,lweaver,Brandon Hall II,108,222,2324,Artist | Web3 | NYC | Creating beauty daily,2020-04-06 14:56:32,1,0,0
U00480,nsmith,Carlos Love,54,418,1370,Student at travel University | React | coding,2022-11-16 14:56:32,1,0,0
U00481,brian29,Brenda Rodriguez,105,637,794,📸 professional | music | Views are my own,2024-06-14 14:56:32,1,0,0
U00482,susan56,Gabrielle Morris,51,1097,15,Click link below for FREE Paris !!!,2026-08-02 14:56:32,0,0,1
U00483,jessicakim,Katelyn Stewart,248,514,92,"Writer, reader, fitness lover | Based in Berlin",2026-05-17 14:56:32,1,0,0
U00484,jeffrey92,Nicholas Phillips,348,511,2610,💯 professional | React | Views are my own,2019-06-25 14:56:32,1,0,0
U00485,jessicarush,Jenna Gamble,389,732,860,Artist | 🎵 | London | Creating beauty daily,2024-04-09 14:56:32,1,0,0
U00486,whitelucas,Lisa Bowman,199,577,157,🎵 professional | JavaScript | Views are my own,2026-03-13 14:56:32,1,0,0
U00487,zunigadonald,Cynthia Haas,129,760,99,"Writer, reader, AI lover | Based in ML",2026-05-10 14:56:32,1,0,0
U00488,daisymccarty,Meagan Daniel,53,850,485,📸 professional | London | Views are my own,2025-04-19 14:56:32,1,0,0
U00489,sean43,Barry Scott,139,42,643,Artist | SF | sports | Creating beauty daily,2024-11-12 14:56:32,1,1,0
U00490,lebrandon,Jason Jackson,5,722,8,Follow me I follow back sports,2026-08-09 14:56:32,1,0,1
U00491,ysnyder,James Poole,346,241,2670,Photographer | travel | food | DM for collabs,2019-04-26 14:56:32,1,0,0
U00492,franciscojones,Elizabeth Flores,660,330,1029,Student at Tokyo University | Toronto | Data Science,2023-10-23 14:56:32,1,0,0
U00493,jonesgeorge,Nicholas Payne,142,356,1362,SF developer | Open source contributor | NYC,2022-11-24 14:56:32,1,0,0
U00494,morgantricia,Michele Reynolds,52,993,3,,2026-08-14 14:56:32,1,0,1
U00495,catherinehamilton,Gary Mccann,13,590,554,Music lover | JavaScript fan | yoga | Just vibes,2025-02-09 14:56:32,1,0,0
U00496,uterry,Kimberly Guerrero,482,506,551,"Mom/Dad of books, coffee lover, Paris enthusiast",2025-02-12 14:56:32,1,0,0
U00497,john06,Sara Hernandez,34,388,225,Toronto professional | art | Views are my own,2026-01-04 14:56:32,1,0,0
U00498,adam14,Lori Castillo,22,1920,5,Crypto trader | movies | 10x returns guaranteed,2026-08-12 14:56:32,0,0,1
U00499,johnsongeorge,Bradley Anthony,143,531,1912,Music lover | London fan | gaming | Just vibes,2021-05-23 14:56:32,1,0,0
